縣市,名稱,電話,地址,立案時間
臺北市,臺北市私立高階兒童課後照顧服務中心,(02)2395-5709,臺北市中正區濟南路2段62巷10號1樓,102/08/12
臺北市,臺北市私立吉而斯兒童課後照顧服務中心,(02)2594-0930、2595-4411,臺北市大同區酒泉街135號2樓,101/12/13
臺北市,臺北市私立青青兒童課後照顧服務中心,(02)2553-9333,臺北市大同區民權西路160巷28號2樓,102/08/19
臺北市,臺北市私立阿凡橋兒童課後照顧服務中心,(02)2592-6840,臺北市大同區重慶北路3段257巷5號1、2樓,102/10/31
臺北市,臺北市私立海格斯兒童課後照顧服務中心,(02)2553-5198、2666-5573,臺北市大同區延平北路2段278號3樓之1,102/12/10
臺北市,臺北市私立啓笛兒童課後照顧服務中心,(02)2568-2823 ,臺北市中山區吉林路103號2樓,102/04/08
臺北市,臺北市私立大衛王兒童課後照顧服務中心,(02)2502-8169,臺北市中山區龍江路377巷20之 1號1樓,102/06/24
臺北市,臺北市私立立智兒童課後照顧服務中心,(02)2596-4546,臺北市中山區德惠街158號1樓,102/08/15
臺北市,臺北市私立至優兒童課後照顧服務中心,(02)2581-6200、2581-5670,臺北市中山區長春路99號1、2樓,102/10/02
臺北市,臺北市私立翰聲兒童課後照顧服務中心,(02)8501-2580,臺北市中山區堤頂大道2段376及378號1、2樓,102/11/28
臺北市,臺北市私立艾立卡兒童課後照顧服務中心,(02)8502-0908,臺北市中山區基湖路120巷30弄28號1、2、3樓,102/12/05
臺北市,臺北市私立欣兒園兒童課後照顧服務中心,(02)8502-1515,臺北市中山區堤頂大道2段346號1、2樓,109/09/08
臺北市,國際蒙特梭利教育事業股份有限公司附設臺北市私立國際課程兒童課後照顧服務中心,(02)8502-1521,臺北市中山區樂群二路126號3樓,110/05/06
臺北市,臺北市私立鍾老師兒童課後照顧服務中心,(02)2764-3535,臺北市松山區三民路167巷16號1樓,102/04/12
臺北市,臺北市私立吳老師兒童課後照顧服務中心,(02)2764-2904,臺北市松山區八德路4段194號2樓,102/05/17
臺北市,臺北市私立美德堡兒童課後照顧服務中心,(02)2777-3235,臺北市松山區八德路2段437巷10弄8號1樓,102/07/19
臺北市,臺北市私立名星兒童課後照顧服務中心,(02)2762-2069,臺北市松山區三民路166巷3號1樓,102/08/28
臺北市,臺北市私立愛兒兒童課後照顧服務中心,(02)2719-3596,臺北市松山區民生東路4段80巷7之6號、7之7號1樓,102/09/02
臺北市,臺北市私立加佳兒童課後照顧服務中心,(02)2769-7343 ,臺北市松山區南京東路5段123巷2弄28號1樓,102/09/02
臺北市,臺北市私立樓蘭兒童課後照顧服務中心,(02)8787-0638,臺北市松山區富錦街373號1樓,102/09/04
臺北市,臺北市私立牧童兒童課後照顧服務中心,(02)2763-5570、2756-4209,臺北市松山區富錦街359巷2弄46號1樓,102/09/04
臺北市,臺北市私立親親兒童課後照顧服務中心,(02)2717-7053,臺北市松山區民生東路4段80巷1弄5號1樓,102/09/12
臺北市,臺北市私立立欣兒童課後照顧服務中心,(02)2715-4473,臺北市松山區民生東路4段112巷1弄10號1樓,102/10/14
臺北市,臺北市私立天喜兒童課後照顧服務中心,(02)2767-2568 ,臺北市松山區富錦街574巷3、5號1樓,102/11/06
臺北市,臺北市私立親親民生兒童課後照顧服務中心,(02)2717-7053,臺北市松山區民生東路4段80巷1弄7號1樓,103/10/16
臺北市,臺北市私立睿智兒童課後照顧服務中心,(02)2715-1177分機25,臺北市松山區光復北路230巷29號1樓,109/05/27
臺北市,臺北市私立芝蔴愛愛兒童課後照顧服務中心,(02)8773-6099,臺北市大安區光復南路268號2樓,102/07/17
臺北市,臺北市私立芝蔴愛愛學園兒童課後照顧服務中心,(02)8773-6100,臺北市大安區光復南路268號3樓,102/07/17
臺北市,臺北市私立童心兒童課後照顧服務中心,(02)2732-0003,臺北市大安區樂業街186號1樓,102/07/24
臺北市,臺北市私立楓樹兒童課後照顧服務中心,(02)8773-6622、8773-4070,臺北市大安區光復南路262號2樓之1,102/07/25
臺北市,臺北市私立富陽兒童課後照顧服務中心,(02)2732-9984,臺北市大安區和平東路3段308巷39弄24號1樓,102/08/01
臺北市,臺北市私立長春藤兒童課後照顧服務中心,(02)2700-2248,臺北市大安區安和路1段78巷13號1樓,102/08/13
臺北市,臺北市私立史丹福兒童課後照顧服務中心,(02)2341-3418,臺北市大安區金山南路2段185巷19號1樓,102/09/13
臺北市,臺北市私立哈佛兒童課後照顧服務中心,(02)2341-6206,臺北市大安區金山南路2段185巷19號2樓,102/09/13
臺北市,臺北市私立康靜兒童課後照顧服務中心,(02)2755-4657,臺北市大安區和平東路2段265巷29之1號1樓,102/09/27
臺北市,臺北市私立博偉兒童課後照顧服務中心, (02)2755-5299,臺北市大安區大安路2段142巷1號1樓,102/10/04
臺北市,臺北市私立小貴族兒童課後照顧服務中心,(02)2708-8331,臺北市大安區敦化南路1段295巷42號1樓,102/11/25
臺北市,臺北市私立長青兒童課後照顧服務中心,(02)2733-5083,臺北市大安區基隆路2段232號4樓,102/08/08
臺北市,臺北市私立如苑兒童課後照顧服務中心,(02)8732-1937,臺北市大安區和平東路3段228巷21號3樓,105/07/01
臺北市,臺北市私立固德兒童課後照顧服務中心,(02)2706-1119,臺北市大安區新生南路1段137之1號2樓,105/09/20
臺北市,臺北市私立派森兒童課後照顧服務中心,(02)2377-9191,臺北市大安區樂利路11巷19號2樓,105/10/07
臺北市,臺北市私立蔚思兒童課後照顧服務中心,(02)2735-0557,臺北市大安區安和路2段217巷3號1樓,107/02/08
臺北市,臺北市私立柏森兒童課後照顧服務中心,(02)2378-2200,臺北市大安區樂利路5巷14弄5號2樓,107/04/23
臺北市,臺北市私立乖乖國際兒童課後照顧服務中心,0936-156-886,臺北市大安區辛亥路1段79號3樓,108/03/11
臺北市,臺北市私立芬尼根兒童課後照顧服務中心,(02)2378-2200,臺北市大安區樂利路11巷23號2樓,109/09/23
臺北市,臺北市私立金森林兒童課後照顧服務中心,(02)2308-5960 ,臺北市萬華區環河南路2段300號2樓,102/04/26
臺北市,臺北市私立名人園兒童課後照顧服務中心,(02)2332-8768、2301-6998,臺北市萬華區西園路2段227之1號4樓,102/05/06
臺北市,臺北市私立金博士兒童課後照顧服務中心,(02)2304-3957,臺北市萬華區環河南路2段250巷7號1樓,102/06/04
臺北市,臺北市私立宜鑫兒童課後照顧服務中心,(02)2337-8974,臺北市萬華區萬大路329巷3弄12號1樓,102/07/03
臺北市,臺北市私立嘟嘟園兒童課後照顧服務中心,(02)2303-9494,臺北市萬華區萬大路337號1至3樓及341號1、2、3樓,102/07/29
臺北市,臺北市私立藍鯨兒童課後照顧服務中心,(02)2337-9481,臺北市萬華區東園街73巷68號2樓,102/08/07
臺北市,臺北市私立恬欣兒童課後照顧服務中心,(02)2339-5499,臺北市萬華區長泰街133號1、2樓,102/08/19
臺北市,臺北市私立全能兒童課後照顧服務中心,(02)2337-8187,臺北市萬華區寶興街222巷26號1樓,102/08/20
臺北市,臺北市私立庭園兒童課後照顧服務中心,(02)2305-1987,臺北市萬華區萬大路347號1-2樓及349號1、2、3樓,102/09/20
臺北市,臺北市私立快樂童年兒童課後照顧服務中心,(02)2332-2311,臺北市萬華區國興路90之3號1樓,102/10/18
臺北市,臺北市私立傑出兒童課後照顧服務中心,(02)2337-0309,臺北市萬華區國興路92之8號1樓,102/10/18
臺北市,臺北市私立雪拉比兒童課後照顧服務中心,(02)2308-0911,臺北市萬華區環河南路2段129號2樓之3、2樓之4,102/02/07
臺北市,臺北市私立大理兒童課後照顧服務中心,(02)2306-2201,臺北市萬華區雙園街69之1號1樓,102/05/23
臺北市,臺北市私立何嘉仁中華兒童課後照顧服務中心,(02)2309-4745、2309-4815,臺北市萬華區中華路2段662、664、666之1及666之2號1樓,102/10/21
臺北市,洋學有限公司附設臺北市私立大理兒童課後照顧服務中心,(02)2332-7785,臺北市萬華區西園路2段292號4樓,106/04/05
臺北市,臺北市私立辰耕兒童課後照顧服務中心,(02)2339-3319,臺北市萬華區萬大路138號3樓、3樓之1,110/09/28
臺北市,臺北市私立小豆芽兒童課後照顧服務中心,(02)2746-7137     ,臺北市信義區松山路119巷17弄12號2樓,102/07/05
臺北市,臺北市私立甲子園兒童課後照顧服務中心,(02)2735-2269,臺北市信義區富陽街72巷29號1樓,102/07/19
臺北市,臺北市私立達德兒童課後照顧服務中心,(02)2720-6643,臺北市信義區莊敬路423巷2弄6號2樓,102/08/13
臺北市,臺北市私立毅佳兒童課後照顧服務中心,(02)2761-9699,臺北市信義區永吉路191號、193號2樓,102/10/04
臺北市,臺北市私立學昇兒童課後照顧服務中心,(02)2759-0366,臺北市信義區福德街300巷15號1樓,102/10/25
臺北市,臺北市私立孩子國兒童課後照顧服務中心,(02)2736-1415,臺北市信義區基隆路2段79巷1號1樓,102/11/21
臺北市,臺北市私立明明兒童課後照顧服務中心,(02)2723-3748,臺北市信義區光復南路421巷16號1樓,102/11/28
臺北市,財團法人中華文化社會福利事業基金會台北兒童福利中心附設臺北市私立實驗兒童課後照顧服務中心,(02)2767-9264分機345,臺北市信義區虎林街120巷270號3、4樓,102/11/29
臺北市,財團法人台北市中華基督教青年會附設臺北市私立永吉兒童課後照顧服務中心,(02)2760-1672,臺北市信義區永吉路500號3樓、4樓,102/12/17
臺北市,臺北市私立何嘉仁兒童課後照顧服務中心,(02)2722-5696,臺北市信義區莊敬路225號、227號2、3樓,102/10/14
臺北市,臺北市私立威斯特屋兒童課後照顧服務中心,(02)2377-9191,臺北市信義區信安街52號2樓、3樓,105/10/25
臺北市,臺北市私立欣託兒童課後照顧服務中心,(02)2871-5972,臺北市士林區天玉街7號2樓,102/12/17
臺北市,臺北市私立復強兒童課後照顧服務中心,(02)2815-0996,臺北市士林區永平街42號4樓,102/06/10
臺北市,臺北市私立翰林兒童課後照顧服務中心,(02)2885-6119,臺北市士林區承德路4段10巷22號1樓,102/11/15
臺北市,臺北市私立陳悅兒童課後照顧服務中心,(02)2836-9048,臺北市士林區德行東路234號2樓,102/11/27
臺北市,臺北市私立心愛兒童課後照顧服務中心,(02)2873-3583,臺北市士林區中山北路7段190巷104之2號,102/07/23
臺北市,臺北市私立倍智兒童課後照顧服務中心,(02)2816-6731,臺北市士林區延平北路5段231巷19號1至2樓,102/09/27
臺北市,臺北市私立迪士堡兒童課後照顧服務中心,(02)2816-8889,臺北市士林區社中街251巷4號1樓,102/07/29
臺北市,臺北市私立熊寶貝兒童課後照顧服務中心,(02)2836-4523,臺北市士林區士東路46巷28號1樓,102/11/21
臺北市,臺北市私立優睿兒童課後照顧服務中心,(02)2813-6115,臺北市士林區葫蘆街137號2樓、139號2樓,102/10/28
臺北市,臺北市私立久久兒童課後照顧服務中心,(02)2833-9998、2831-4886,臺北市士林區士東路46巷20號1樓,102/11/21
臺北市,臺北市私立全盛兒童課後照顧服務中心,(02)2816-9457,臺北市士林區延平北路5段269號2樓、271號2樓,105/06/04
臺北市,臺北市私立吉尼斯兒童課後照顧服務中心,0921-977-164,臺北市士林區德行東路284巷22號1樓,106/06/08
臺北市,臺北市私立三加三兒童課後照顧服務中心,(02)2832-2578,臺北市士林區中正路324號2樓,106/11/06
臺北市,臺北市私立瑞比特兒童課後照顧服務中心,(02)-88111398,臺北市士林區社子街63巷8號2樓,111/05/25
臺北市,臺北市私立新世界兒童課後照顧服務中心,(02)2893-0011,臺北市北投區中央北路4段530號2樓、532號2樓、532號2樓等共有部份、536號2樓,102/05/12
臺北市,臺北市私立道思天母兒童課後照顧服務中心,(02)2877-1577,臺北市北投區石牌路2段361號2、3、4樓,102/05/31
臺北市,臺北市私立美地兒童課後照顧服務中心,(02)2827-7501,臺北市北投區榮華三路3號1樓,102/08/15
臺北市,臺北市私立牛爾兒童課後照顧服務中心,(02)2895-2811 ,臺北市北投區中央北路4段553號1、2樓,102/08/15
臺北市,臺北市私立何嘉仁石牌兒童課後照顧服務中心,(02)2823-4581,臺北市北投區石牌路1段28號2、3樓,102/11/25
臺北市,臺北市私立資優兒童課後照顧服務中心,(02)2894-9838,臺北市北投區中央北路1段179巷3號、5號1樓,102/10/30
臺北市,臺北市私立奧溫兒童課後照顧服務中心,(02)2894-8191,臺北市北投區中央北路4段551號1樓、2樓,110/05/04
臺北市,城市教育事業有限公司附設臺北市私立城市兒童課後照顧服務中心,(02)-2895-0530,臺北市北投區學園路2號(臺北城市科技大學愛園大樓3樓),111/07/22
臺北市,臺北市私立青青園地兒童課後照顧服務中心,(02)2793-1003,臺北市內湖區星雲街140號1、2樓,102/11/01
臺北市,臺北市私立瀚林兒童課後照顧服務中心,(02)2633-2346,臺北市內湖區康寧路3段99巷12弄7號、9號1樓,102/11/14
臺北市,臺北市私立全宥兒童課後照顧服務中心,(02)2657-1566,臺北市內湖區內湖路2段62號1、2樓,102/11/01
臺北市,臺北市私立萊恩兒童課後照顧服務中心,(02)2632-7776,臺北市內湖區東湖路6號2樓,102/05/28
臺北市,臺北市私立成功兒童課後照顧服務中心,(02)2796-1454,臺北市內湖區成功路4段61巷25弄9之1號1樓,102/10/16
臺北市,臺北市私立來來兒童課後照顧服務中心,(02)2632-0032,臺北市內湖區民權東路6段280巷52號1樓,102/10/28
臺北市,臺北市私立華盛頓兒童課後照顧服務中心,(02)2657-6155,臺北市內湖區瑞光路271號3、4樓,102/12/06
臺北市,臺北市私立奧斯德爾兒童課後照顧服務中心,(02)2634-0258,臺北市內湖區康寧路3段16巷51號1、2、3、4樓,102/09/27
臺北市,臺北市私立新明兒童課後照顧服務中心,(02)2794-5815,臺北市內湖區新明路380巷4弄6號1樓,102/11/06
臺北市,臺北市私立華泰兒童課後照顧服務中心,(02)2792-8335,臺北市內湖區大湖山莊街21巷2號3樓,102/08/30
臺北市,臺北市私立道思兒童課後照顧服務中心,(02)8791-6999,臺北市內湖區行善路91號1樓,102/12/25
臺北市,吉的堡網路科技股份有限公司附設臺北市私立英格兒童課後照顧服務中心,(02)2791-0819,臺北市內湖區民權東路六段180巷23號4樓、25號4樓,103/10/31
臺北市,臺北市私立喬治亞兒童課後照顧服務中心,(02)2790-1110,臺北市內湖區內湖路2段334號4樓,105/07/18
臺北市,臺北市私立智信兒童課後照顧服務中心,(02)2631-5726,臺北市內湖區康寧路3段165巷14弄1號4樓,106/03/06
臺北市,臺北市私立西湖兒童課後照顧服務中心,(02)2657-3776,臺北市內湖區內湖路1段575號4樓之1,106/09/23
臺北市,臺北市私立塞凡提夢想兒童課後照顧服務中心,(02)2633-1633,臺北市內湖區康寧路3段16巷116號2樓,108/02/11
臺北市,臺北市私立柏克立兒童課後照顧服務中心,(02)2634-7688,臺北市內湖區金湖路363巷45號4樓,109/07/20
臺北市,臺北市私立佳立安兒童課後照顧服務中心,(02)2653-6952,臺北市南港區研究院路2段35之2號1樓,102/12/06
臺北市,臺北市私立奇奇兒童課後照顧服務中心,(02)2788-7881,臺北市南港區研究院路2段12巷14弄32號、34號1樓,102/10/25
臺北市,臺北市私立微笑星星兒童課後照顧服務中心,(02)2651-0883,臺北市南港區興中路12巷23號1樓,102/09/30
臺北市,臺北市私立學優兒童課後照顧服務中心,(02)2651-0533,臺北市南港區東新街118巷17號、19號1樓,102/05/17
臺北市,臺北市私立祺茂兒童課後照顧服務中心,(02)2785-9905,臺北市南港區忠孝東路6段454號3樓,102/06/25
臺北市,臺北市私立日欣兒童課後照顧服務中心,(02)2788-9952,臺北市南港區昆陽街65號2樓,102/07/23
臺北市,臺北市私立貝爾兒童課後照顧服務中心,(02)2651-9896,臺北市南港區成福路60號2樓、60號2樓之1,102/11/01
臺北市,臺北市私立莒光兒童課後照顧服務中心,(02)2651-0502,臺北市南港區研究院路2段35巷11號1、2樓,102/10/25
臺北市,臺北市私立東美兒童課後照顧服務中心,(02)2788-7556,臺北市南港區興華路131號2樓,102/09/18
臺北市,臺北市私立何傢仁兒童課後照顧服務中心,(02)2789-0198,臺北市南港區興華路12號、26號1、2、3、4樓、14號至24號3、4樓,102/11/06
臺北市,財團法人天主教會台北教區附設臺北市私立萬福兒童課後照顧服務中心,(02)2782-0258,臺北市南港區忠孝東路6段114之1號4樓、114號等共有部分(第4層),110/10/15
臺北市,臺北市私立比利馬兒童課後照顧服務中心,(02)2236-6578,臺北市文山區和興路8號1樓,102/05/29
臺北市,臺北市私立萬碟兒童課後照顧服務中心,(02)2931-5952,臺北市文山區汀州路4段73號1樓,102/09/18
臺北市,財團法人台北市中華基督教青年會附設臺北市私立文山兒童課後照顧服務中心,(02)2236-2818,臺北市文山區和興路2號3樓,102/07/25
臺北市,臺北市私立巨星兒童課後照顧服務中心,(02)2938-1987,臺北市文山區秀明路1段68號2樓,111/09/12
臺北市,臺北市私立新生學園兒童課後照顧服務中心,(02)2931-5931,臺北市文山區興隆路2段96巷2弄8號1樓,102/09/27
臺北市,臺北市私立阿布格兒童課後照顧服務中心,(02)2938-2571,臺北市文山區興隆路4段177之1號2樓,102/11/15
臺北市,臺北市私立三之三兒童課後照顧服務中心,(02)2931-4041,臺北市文山區羅斯福路5段218巷2號、4號2樓,102/07/31
臺北市,臺北市私立得藝兒童課後照顧服務中心,(02)2230-6746,臺北市文山區興隆路3段192巷8弄36號2樓,102/06/25
臺北市,臺北市私立三意兒童課後照顧服務中心,(02)2937-2270,臺北市文山區興隆路4段105巷42號3樓,102/09/18
臺北市,臺北市私立布穀鳥兒童課後照顧服務中心,(02)2933-8997、2931-9962,臺北市文山區福興路63巷1號、3號2樓,102/09/18
臺北市,臺北市私立清海兒童課後照顧服務中心,(02)2931-5426,臺北市文山區景華街152號1樓、154號1樓,106/12/06
臺北市,臺北市私立滬江高級中學附設私立滬江兒童課後照顧服務中心,(02)8663-1122,臺北市文山區羅斯福路6段336號4 樓(嵩慶樓),109/05/28
新北市,財團法人天主教聖母聖心會附設新北市私立天仁兒童課後照顧服務中心,(02)2498-2423,新北市金山區中正路25號2樓,107/12/20
新北市,新北市私立大世紀兒童課後照顧服務中心,(02)2951-9097,新北市板橋區成都街111號2、3、4樓,088/04/27
新北市,新北市私立發明家兒童課後照顧服務中心,(02)2963-1263,新北市板橋區忠孝路61號2樓、63號2樓,102/03/26
新北市,財團法人臺北市中華基督教青年會附設新北市私立板新兒童課後照顧服務中心,(02)2963-7400,新北市板橋區板新路27號4樓,102/08/23
新北市,新北市私立育凡兒童課後照顧服務中心,(02)2647-8282,新北市汐止區新興路3號4樓之1,107/01/16
新北市,新北市私立小狀元兒童課後照顧服務中心,(02)2647-2500,新北市汐止區樟樹一路129巷20弄3號1樓、5號1樓,107/01/23
新北市,新北市汐止區農會附設新北市私立汐農兒童課後照顧服務中心,(02)2641-6666,新北市汐止區長江街39巷26號3樓,109/11/18
新北市,新北市私立鼎立優質兒童課後照顧服務中心,(02)2497-5096,新北市瑞芳區明燈路3段97號2樓,103/01/17
新北市,新北市私立菲力兒童課後照顧服務中心,(02)2219-6888,新北市新店區建國路163-1號,102/12/03
新北市,新北市私立愛德華兒童課後照顧服務中心,(02)2914-8669,新北市新店區寶橋路48號3樓之1,102/09/05
新北市,新北市私立何嘉仁北新兒童課後照顧服務中心,(02)8914-7679,新北市新店區寶橋路48號3樓之3,102/11/07
新北市,財團法人耕莘健康管理專科學校附設新北市私立實驗兒童課後照顧服務中心,(02)2218-9396,新北市新店區民族路112號3樓,107/03/26
新北市,新北市私立當代兒童課後照顧服務中心,(02)2946-4026,新北市永和區得和路192號1樓、194號2樓,109/01/20
新北市,新北市私立金恩兒童課後照顧服務中心,(02)3151-5078,新北市永和區民權路36巷19號1樓,109/08/20
新北市,新北市私立康寶兒童課後照顧服務中心,(02)2245-3111,新北市中和區連勝街15巷2號1樓、6號1樓,102/11/07
新北市,新北市私立冠霖兒童課後照顧服務中心,(02)2247-4006,新北市中和區復興路263巷10號2樓,102/12/13
新北市,新北市私立勝利兒童課後照顧服務中心,(02)2221-6333,新北市中和區員山路148巷23弄19號1樓、21號1樓,102/10/31
新北市,新北市私立嘉煌兒童課後照顧服務中心,(02)2240-1688,新北市中和區中山路二段71號,108/09/23
新北市,新北市私立語如兒童課後照顧服務中心,(02)2261-4000,新北市土城區學府路一段152號2樓,102/07/19
新北市,新北市私立快樂高登兒童課後照顧服務中心,(02)2269-1177,新北市土城區中央路3段279號4樓,102/07/08
新北市,新北市私立啄木鳥兒童課後照顧服務中心,(02)8966-8282,新北市土城區廣明街72號3樓,107/12/19
新北市,新北市私立禾碩兒童課後照顧服務中心,(02)8261-1194,新北市土城區中央路二段392之1號3樓,107/12/20
新北市,新北市私立梅子老師兒童課後照顧服務中心,(02)2687-6707,新北市樹林區復興路376號2樓,104/12/24
新北市,財團法人新北市私立張方大慈善事業基金會附設士箱兒童課後照顧服務中心,(02)2683-2812,新北市樹林區文化街79巷10號2樓(含3樓),108/08/16
新北市,新北市私立朗耘兒童課後照顧服務中心,(02)8970-3136,新北市樹林區學勤路460號1樓,109/03/11
新北市,精英國際教育管理顧問股份有限公司附設新北市私立精英國際兒童課後照顧服務中心,(02)2679-2818,新北市鶯歌區中山路249巷36號4樓,109/08/03
新北市,新北市私立幼苗國際兒童課後照顧服務中心,(02)8981-4080,新北市三重區中正北路165巷2號4樓,102/03/04
新北市,新北市私立夏綠蒂兒童課後照顧服務中心,(02)2986-3649,新北市三重區五華街21巷13號4樓、15號4樓,109/11/24
新北市,新北市私立勵輝兒童課後照顧服務中心,(02)2994-2529,新北市新莊區頭前路26號4樓,102/03/13
新北市,新北市私立永錡新莊兒童課後照顧服務中心,(02)2204-0055,新北市新莊區民安西路377號1、2樓,107/09/10
新北市,海納川全人教育有限公司附設新北市私立艾倫戴爾兒童課後照顧服務中心,(02)-77562255,新北市新莊區中正路715號4樓,111/07/01
新北市,新北市私立聖嘉兒童課後照顧服務中心,(02)-89929273,新北市新莊區化成路540號之1二樓之1,111/08/29
新北市,新北市私立一加一兒童課後照顧服務中心,(02)2609-9891,新北市林口區忠孝路600號1樓、602號1、2樓,102/06/21
新北市,新北市私立博多兒童課後照顧服務中心,(02)2601-1068,新北市林口區竹林路267號1、2樓,103/04/21
新北市,新北市私立愛林領袖兒童課後照顧服務中心,(02)2609-2692,新北市林口區公園路45號4樓,102/12/26
新北市,財團法人華山愛德教育基金會附設新北市私立林口愛德兒童課後照顧服務中心,(02)2600-5627,新北市林口區忠孝路614號2樓、3樓,108/02/20
新北市,翰科教育股份有限公司附設新北市私立林口夏恩兒童課後照顧服務中心,(02)7551-9189,新北市林口區東湖路25巷7號1、2樓,109/09/02
新北市,新北市私立捷森兒童課後照顧服務中心,(02)2600-2256,新北市林口區三民路111號3樓,110/09/23
新北市,新北市私立林口啟文兒童課後照顧服務中心,(02)-26092122,新北市林口區忠孝路589巷7號1、2、3樓,111/05/03
新北市,新北市私立羚俐兒童課後照顧服務中心,(02)8809-5918,新北市淡水區民權路185巷8號2樓、10號2樓,106/03/13
宜蘭縣,私立劍橋兒童課後照顧服務中心,(03)935-9686,宜蘭縣宜蘭市力新路181號1、2、3樓,102/11/28
宜蘭縣,私立翰霖兒童課後照顧服務中心,(03)933-2906,宜蘭縣宜蘭市民權路2段120號1、2、3樓,103/01/23
宜蘭縣,私立培根兒童課後照顧服務中心,(03)938-0395,宜蘭縣宜蘭市陽明三路160巷10號1、2、3、4樓,103/05/20
宜蘭縣,私立宏家兒童課後照顧服務中心,(03)938-1187,宜蘭縣宜蘭市陽明三路18號1、2、3、4樓,109/09/10
宜蘭縣,私立雅博兒童課後照顧服務中心,(03)977-6956,宜蘭縣頭城鎮開蘭舊路80號1、2、3樓,103/01/07
宜蘭縣,私立心欣兒童課後照顧服務中心,(03)987-0532,宜蘭縣礁溪鄉奇立丹路90巷14號1、2樓,102/12/06
宜蘭縣,私立培傑兒童課後照顧服務中心,(03)987-2938,宜蘭縣礁溪鄉和平路60號1、2樓,103/05/29
宜蘭縣,私立小星星兒童課後照顧服務中心,(03)957-5100,宜蘭縣羅東鎮民生路121號1、2、3樓,102/12/05
宜蘭縣,私立向日葵兒童課後照顧服務中心,(03)965-5111,宜蘭縣羅東鎮復興路三段15號1、2、3樓,103/03/14
宜蘭縣,私立檸檬街學苑兒童課後照顧服務中心,(03)955-7876,宜蘭縣羅東鎮中華路176號1、2、3、4樓,103/05/29
宜蘭縣,私立喬一兒童課後照顧服務中心,(03)951-1180,宜蘭縣羅東鎮北成路1段158號1、2、3樓,104/01/12
宜蘭縣,私立陶然兒童課後照顧服務中心,(03)996-9201,宜蘭縣蘇澳鎮中山路1段429號1、2樓,103/01/07
宜蘭縣,私立欣欣兒童課後照顧服務中心  ,(03)990-9566,宜蘭縣蘇澳鎮和平路22號1、2、3樓,103/07/09
新竹市,深耕兒童課後照顧服務中心,(03)561-5179,新竹市南大路526號2樓,102/12/11
新竹市,育光兒童課後照顧服務中心,(03)515-3412,新竹市水田街47號,102/12/16
新竹市,漢聲兒童課後照顧服務中心,(03)533-3313,新竹市武陵路216-3號2、3、4樓,102/05/31
新竹市,上華兒童課後照顧服務中心,(03)525-8396,新竹市四維路89巷2-1號1樓,103/02/12
新竹市,幼康兒童課後照顧服務中心,(03)527-7299,新竹市北區民富街55號1、2樓,103/05/05
新竹市,勝成兒童課後照顧服務中心,(03)530-8234,新竹市延平路二段95-3號,103/05/30
新竹市,新竹市私立皇室兒童課後照顧服務中心,(03)522-3449,新竹市少年街39號2樓,107/06/13
新竹縣,新竹縣私立金名兒童課後照顧服務中心,(03)658-5122,新竹縣竹北市東平里24鄰嘉豐十一路二段69號,105/01/12
新竹縣,新竹縣私立竹科蔓兒童課後照顧服務中心,(03)551-2573,新竹縣竹北市惟馨街89號2、3樓,106/05/15
新竹縣,新竹縣私立冠弘兒童課後照顧服務中心,(03)587-3300,新竹縣關西鎮西安里6鄰老街2號1樓,102/02/27
新竹縣,新竹縣私立新創造兒童課後照顧服務中心,(03)5102093,新竹縣竹東鎮民德路148號2、3樓,109/07/28
桃園市,桃園市私立幼昇兒童課後照顧服務中心,(03)325-1093,桃園市桃園區中正五街9號1、2、3樓,102/12/02
桃園市,桃園市私立高階兒童課後照顧服務中心,(03)325-0077,桃園市桃園區寶慶里9鄰中埔一街167號2樓,103/03/31
桃園市,桃園市私立建展兒童課後照顧服務中心,(03)451-8866,桃園市中壢區中原里26鄰成章四街95號2、3樓,101/11/16
桃園市,桃園市私立壢中兒童課後照顧服務中心,(03)433-3716,桃園市中壢區忠福里3鄰福州二街31號1、2、3樓,101/11/19
桃園市,桃園市私立迪諾兒童課後照顧服務中心,(03)490-1008,桃園市中壢區過嶺里1鄰雙福路145號,101/11/20
桃園市,桃園市私立艾貝思兒童課後照顧服務中心,(03)457-6607,桃園市中壢區龍興里8鄰龍岡路二段321巷18號1、2、3樓,102/02/23
桃園市,桃園市私立人愛兒童課後照顧服務中心,(03)416-3189,桃園市中壢區龍興路703號1樓,102/04/12
桃園市,桃園市私立伍老師多元兒童課後照顧服務中心,(03)434-3817,桃園市中壢區福星六街60號2、3樓,102/05/24
桃園市,桃園市私立自強兒童課後照顧服務中心,(03)463-5312,桃園市中壢區自治里5鄰環中東路8號3、4樓,102/06/06
桃園市,桃園市私立長堤兒童課後照顧服務中心,(03)451-3554,桃園市中壢區普義里4鄰普義路139號、139-1號1樓,102/06/06
桃園市,桃園市私立育寶兒童課後照顧服務中心,(03)458-9218,桃園市中壢區新興里14鄰少康二街15號、17號1樓,102/07/15
桃園市,桃園市私立小學士兒童課後照顧服務中心,425-9319,中榮里5鄰博愛三路25號1-3樓,102/07/17
桃園市,桃園市私立皓晟兒童課後照顧服務中心,(03)468-3131,桃園市中壢區林森里7鄰百韜一街47號1、2、3樓,102/08/09
桃園市,桃園市私立芷育兒童課後照顧服務中心,(03)451-5101,桃園市中壢區新街里延平路195號1、2、3樓,102/09/11
桃園市,桃園市私立文特蘭兒童課後照顧服務中心,(03)451-4107,桃園市中壢區復興里16鄰復華街340號1樓,102/09/14
桃園市,桃園市私立嘉瑪兒童課後照顧服務中心,(03)462-5915,桃園市中壢區幸福里21鄰福星六街70號4樓,102/10/14
桃園市,桃園市私立千千兒童課後照顧服務中心,(03)458-9565,桃園市中壢區東興里16鄰龍岡路一段159巷11號4樓,102/10/15
桃園市,桃園市私立綠光長頸鹿兒童課後照顧服務中心,(03)438-8366,桃園市中壢區至善里22鄰龍昌路156號3樓,102/10/17
桃園市,桃園市私立一心兒童課後照顧服務中心,(03)455-1351,桃園市中壢區忠孝里8鄰忠孝路246巷29弄39號、41號1-2樓,102/10/17
桃園市,桃園市私立華盛頓兒童課後照顧服務中心,(03)468-2008,桃園市中壢區環中東路二段729-1號1樓,102/10/23
桃園市,桃園市私立耘捷兒童課後照顧服務中心,(03) 462-6992,桃園市中壢區永福路981巷11號1、2、3樓,102/10/30
桃園市,桃園市私立內壢兒童課後照顧服務中心,(03)451-8916,桃園市中壢區福德里9鄰成功路79巷40號1-3樓、42號3-4樓,102/11/04
桃園市,桃園市私立國鼎兒童課後照顧服務中心,(03)422-8024,桃園市中壢區興平里5鄰中豐路49巷18弄17號1、2、3樓,102/11/12
桃園市,桃園市私立汎悌爾兒童課後照顧服務中心,(03)435-6565,桃園市中壢區普忠里18鄰新中北路565號3樓,102/11/12
桃園市,桃園市私立哈佛兒童課後照顧服務中心,(03)461-7272,桃園市中壢區福州一街96號1、2樓,102/10/15
桃園市,桃園市私立儒林兒童課後照顧服務中心,(03)456-6505,桃園市中壢區仁愛里15鄰華勛街103號1、2樓,102/11/21
桃園市,桃園市私立掄元兒童課後照顧服務中心,(03)420-2862,桃園市中壢區過嶺里松智二街128號2、3、4樓,102/11/25
桃園市,桃園市私立陽光兒童課後照顧服務中心,(03)468-1661,桃園市中壢區林森里16鄰林森路162號1、2、3樓,102/11/28
桃園市,桃園市私立美森堡兒童課後照顧服務中心,(03)459-1060,桃園市中壢區環中東路2段829之3號1樓,102/12/04
桃園市,桃園市私立林森兒童課後照顧服務中心,(03)428-5355,桃園市中壢區逢甲二街26號1、2樓,102/12/11
桃園市,桃園市私立高昇兒童課後照顧服務中心,(03)468-5178,桃園市中壢區長沙路127號1、2樓,103/02/13
桃園市,桃園市私立心夢想兒童課後照顧服務中心,(03)280-6868,桃園市中壢區興國里24鄰元化路二段43巷10號、12號1-2樓(含夾層),103/04/16
桃園市,桃園市私立廷和兒童課後照顧服務中心,(03)427-0388,桃園市平鎮區新勢里13鄰延平路一段146號2樓,101/12/05
桃園市,桃園市私立長青博儒兒童課後照顧服務中心,(03)469-6465,桃園市平鎮區湧光里13鄰湧光路2巷13弄50號3、4樓,102/02/20
桃園市,桃園市私立華育兒童課後照顧服務中心,(03)450-6365,桃園市平鎮區龍南路353巷22號1、2、3、4樓,102/03/20
桃園市,桃園市私立常春藤兒童課後照顧服務中心,(03)439-6989,桃園市平鎮區中豐路南勢二段293號、295號2樓,102/04/02
桃園市,桃園市私立強棒兒童課後照顧服務中心,(03)458-1100,桃園市平鎮區北興里5鄰金陵路二段332號1、2、3樓,103/05/13
桃園市,桃園市私立智網兒童課後照顧服務中心,(03)436-9275,桃園市中壢區仁福里1鄰中山東路３段281號、283號,103/10/14
桃園市,桃園市私立大崙兒童課後照顧服務中心,(03)498-6090,桃園市中壢區內厝里15鄰中正路四段70號,104/12/11
桃園市,桃園市私立育禾兒童課後照顧服務中心,(03)281-2588,桃園市中壢區新明里9鄰新明路41號、43號2樓,106/03/23
桃園市,桃園市私立福星寶貝兒童課後照顧服務中心,(03)452-1045,桃園市中壢區幸福里27鄰福星五街60號、62號2樓,106/05/01
桃園市,桃園市私立新驛兒童課後照顧服務中心,(03)435-2323,桃園市中壢區自治里5鄰強國路19號2、3樓,107/05/14
桃園市,桃園市私立海華兒童課後照顧服務中心,(03)452-1563,桃園市中壢區忠福里8鄰福州二街64號1、2、3樓,107/10/25
桃園市,桃園市私立幸福日光兒童課後照顧服務中心,(03)434-1161,桃園市中壢區忠孝里21鄰元生三街99號2樓之1,107/11/13
桃園市,桃園市私立榮恩兒童課後照顧服務中心,(03)468-2815,桃園市中壢區龍興里8鄰龍岡路二段325號1、2、3樓,108/03/22
桃園市,桃園市私立蒙特利兒童課後照顧服務中心,(03)451-9777,桃園市中壢區復興里1鄰文化二路99號2樓,108/05/22
桃園市,桃園市私立小哈佛兒童課後照顧服務中心,(03)438-0202,桃園市中壢區仁愛里12鄰榮民南路215-1號2、3樓,108/06/03
桃園市,桃園市私立育成兒童課後照顧服務中心,(03)451-6023,桃園市中壢區復興里9鄰長樂街58號1、2樓及60號1、2樓,109/09/30
桃園市,桃園市私立一信兒童課後照顧服務中心,(03)463-9268,桃園市中壢區榮民路159號1、2、3、4樓,109/10/23
桃園市,桃園市私立佳欣兒童課後照顧服務中心,(03)403-1267,桃園市平鎮區平南里6鄰中豐路南勢二段208號1樓,110/10/29
桃園市,桃園市私立乖乖兒童課後照顧服務中心,(03)-4557237,桃園市中壢區內定二街139巷121弄5號2樓,111/07/04
桃園市,桃園市私立綠豆兒童課後照顧服務中心,(03)-4666767,桃園市中壢區仁美四街8號1樓,111/09/07
桃園市,桃園市私立樂福兒童課後照顧服務中心,(03)-4223123,桃園市中壢區中豐北路63號3樓之1,111/12/14
桃園市,桃園市私立美爾頓兒童課後照顧服務中心,(03)439-6622,桃園市平鎮區金星里22鄰南京路330號1、2、3、4樓,102/10/18
桃園市,桃園市私立璐藝兒童課後照顧服務中心,(03)402-8685,桃園市平鎮區文化街198巷1號1、2、3、4樓,102/10/30
桃園市,桃園市私立愛因斯坦兒童課後照顧服務中心,(03)401-0003,桃園市平鎮區宋屋里32鄰廣泰路201巷22號、24號1-2樓及26號1樓,102/11/20
桃園市,桃園市私立果伶兒童課後照顧服務中心,(03)450-6417,桃園市平鎮區龍興里龍德路36巷7號1、2樓,102/11/21
桃園市,桃園市私立偉林兒童課後照顧服務中心,(03)492-2380,桃園市平鎮區廣成街61號1樓,102/12/02
桃園市,桃園市私立柏學兒童課後照顧服務中心,(03)439-7320,桃園市平鎮區中庸路201巷10號3樓,103/01/02
桃園市,桃園市私立大千兒童課後照顧服務中心,(03)439-8208,桃園市平鎮區中豐路南勢二段212號1、2樓,102/05/31
桃園市,桃園市私立快樂斑比兒童課後照顧服務中心,(03)492-1647,桃園市平鎮區廣達里4鄰廣平街18巷25號2樓,103/05/13
桃園市,桃園市私立尼恩兒童課後照顧服務中心,(03)419-2435,桃園市平鎮區湧安里26鄰湧安路44號1、2、3、4樓,103/05/13
桃園市,桃園市私立佳宸兒童課後照顧服務中心,(03)402-0736,桃園市平鎮區高雙里24鄰高雙路121號、123號1-3樓,102/10/09
桃園市,桃園市私立小學堂兒童課後照顧服務中心,(03)281-0128,桃園市平鎮區復旦里8鄰文化街88號1、2、3、4樓,103/05/08
桃園市,桃園市私立東東兒童課後照顧服務中心,(03)460-5477,桃園市平鎮區東安里35鄰平東路134-10號1、2樓,103/05/20
桃園市,桃園市私立亞里士兒童課後照顧服務中心,(03)493-1858,桃園市平鎮區新勢里26鄰新榮路31巷12號1、2樓,103/06/19
桃園市,桃園市私立佑嘉兒童課後照顧服務中心,(03)493-9000,桃園市平鎮區復興里1鄰廣德街238巷37弄8號1、2、3樓,103/08/25
桃園市,桃園市私立建成兒童課後照顧服務中心,(03)439-8921,桃園市平鎮區平南里開封街159號1、2、3、4樓,104/12/02
桃園市,桃園市私立奇果兒童課後照顧服務中心,(03)495-3076,桃園市平鎮區平興里25鄰興華街101巷28弄20號、22號1樓,106/07/05
桃園市,桃園市私立聖芬騰兒童課後照顧服務中心,(03)281-1580,桃園市平鎮區復興里3鄰廣德街248號1、2、3、4樓,107/05/17
桃園市,桃園市私立薇閣兒童課後照顧服務中心,(03)495-0080,桃園市平鎮區義興里38鄰義興街29號1、2樓,108/12/10
桃園市,桃園市私立得益兒童課後照顧服務中心,(03)469-6458,桃園市平鎮區湧安里1鄰湧安路2號1-4樓、6號1-4樓,109/03/26
桃園市,桃園市私立文漾兒童課後照顧服務中心,(03)-4345182,桃園市平鎮區新榮路31巷19號1-2樓,111/03/10
桃園市,桃園市私立超越兒童課後照顧服務中心,(03)480-1332,桃園市龍潭區大同路309號,101/10/08
桃園市,桃園市私立彩虹園地兒童課後照顧服務中心,(03)471-3932,桃園市龍潭區佳安里9鄰十一分路235號,102/03/20
桃園市,桃園市私立華聲兒童課後照顧服務中心,(03)489-8183,桃園市龍潭區富林里11鄰龍吟街59號1、2樓,102/04/08
桃園市,桃園市私立來來兒童課後照顧服務中心,(03)409-5050,桃園市龍潭區烏林里16鄰工一路16號,102/04/11
桃園市,桃園市私立上揚兒童課後照顧服務中心,(03)409-2086,桃園市龍潭區龍星里21鄰龍華路111號2、3、4樓,102/10/15
桃園市,桃園市私立向陽兒童課後照顧服務中心,(03)409-5127,桃園市龍潭區百年里22鄰中豐路337號1、2、3、4樓,102/10/15
桃園市,桃園市私立高峰兒童課後照顧服務中心,(03)409-5550,桃園市龍潭區中正里40鄰龍華路321號1、2、3、4樓,102/11/14
桃園市,桃園市私立新超強兒童課後照顧服務中心,(03)499-1091,桃園市龍潭區中興路336巷20號1、2樓,102/11/21
桃園市,桃園市私立佺威兒童課後照顧服務中心,(03)489-2863,桃園市龍潭區中正路242巷7號1、2樓,102/12/31
桃園市,桃園市私立學習高手兒童課後照顧服務中心,4717-899,高原里6鄰福源路79號1-2樓、81號1-2樓,103/09/30
桃園市,桃園市私立頂尖兒童課後照顧服務中心,(03)480-3895,桃園市龍潭區龍祥里16鄰干城路188號1樓,105/01/19
桃園市,桃園市私立祈聖兒童課後照顧服務中心,(03)499-3558,桃園市龍潭區龍星里13鄰東龍路112號3樓,109/07/01
桃園市,桃園市私立菁禧兒童課後照顧服務中心,(03)-4807662,桃園市龍潭區中興路461巷2弄56號1-3樓,110/12/10
桃園市,桃園市私立少芃兒童課後照顧服務中心,(03)482-9182,桃園市楊梅區瑞溪路2段99號1、2、3、4樓,102/03/05
桃園市,桃園市私立高材兒童課後照顧服務中心,(03)478-1561,桃園市楊梅區高上里12鄰高上路1段81巷32-1號1、2、3樓,102/04/01
桃園市,桃園市私立波波兒童課後照顧服務中心,(03)472-2895,桃園市楊梅區富岡里4鄰中正路2號2、3樓,102/05/30
桃園市,桃園市私立名翔兒童課後照顧服務中心,(03)481-5130,桃園市楊梅區瑞溪路二段103號1、2、3樓,102/07/04
桃園市,桃園市私立博文兒童課後照顧服務中心,(03)431-2150,桃園市楊梅區瑞坪里8鄰福羚路196號1、2、3、4樓,102/08/20
桃園市,桃園市私立愛子兒童課後照顧服務中心,(03)472-5621,桃園市楊梅區豐野里28鄰豐興街38巷10號1、2、3樓,102/09/12
桃園市,桃園市私立吉祥兒童課後照顧服務中心,(03)288-8870,桃園市楊梅區環南路286號1樓,102/11/25
桃園市,桃園市私立康鑫兒童課後照顧服務中心,(03)481-2211,桃園市楊梅區萬大路138巷33號1、2樓,102/12/31
桃園市,桃園市私立翰學園兒童課後照顧服務中心,(03)475-3864,桃園市楊梅區永寧里27鄰永寧路52號1、2、3樓,103/04/29
桃園市,桃園市私立崇文之兒童課後照顧服務中心,(03)420-0608,桃園市楊梅區新榮里7鄰裕榮路110號1、2、3、4樓,103/11/19
桃園市,財團法人台灣省天主教會新竹教區附設桃園市私立富岡聖心兒童課後照顧服務中心,(03)472-2508,桃園市楊梅區富岡里12鄰新明街149之1號,104/12/25
桃園市,桃園市私立艾奇德兒童課後照顧服務中心,(03)481-8811,桃園市楊梅區四維里22鄰文化街96號,105/01/19
桃園市,桃園市私立博士兒童課後照顧服務中心,(03)481-0950,桃園市楊梅區瑞溪里13鄰瑞溪路一段279號1、2、3、4樓,108/03/20
桃園市,桃園市私立埔心兒童課後照顧服務中心,(03)-4826678,桃園市楊梅區中興路80巷16弄2號3樓,111/12/23
桃園市,桃園市私立紘偉兒童課後照顧服務中心,(03)497-1302,桃園市新屋區新生里14鄰中正路200號1、2樓,102/01/02
桃園市,桃園市私立群堡兒童課後照顧服務中心,(03)487-1571,桃園市新屋區新屋里12鄰福德街113號1、2、3樓,102/11/07
桃園市,桃園市私立迪凡特課後照顧服務中心,(03)477-4498,桃園市新屋區新生里8鄰新生三街88號1、2、3樓,104/08/17
桃園市,桃園市私立宏林兒童課後照顧服務中心,(03)483-0555,桃園市觀音區草漯里新生路1643號1、2樓,102/04/02
桃園市,桃園市私立米吉兒童課後照顧服務中心,(03)473-8012,桃園市觀音區觀音里4鄰文化路14號1樓,102/09/13
桃園市,桃園市私立明道兒童課後照顧服務中心,(03)498-9688,桃園市觀音區崙坪里18鄰忠愛路二段2號、6號1樓,102/11/18
桃園市,桃園市私立建華兒童課後照顧服務中心,(03)483-6226,桃園市觀音區草漯里22鄰四維路22號1、2、3樓,102/11/22
桃園市,桃園市私立草漯兒童課後照顧服務中心,(03)438-9579,桃園市觀音區草漯里21鄰新生路1709號1、2樓,103/02/24
桃園市,桃園市私立啟昇兒童課後照顧服務中心,(03)473-3538,桃園市觀音區觀音里18鄰中山路30-2號1樓,103/03/28
桃園市,桃園市私立芝加哥兒童課後照顧服務中心,(03)498-5825,桃園市觀音區大同里5鄰中山路二段811號1、2、3樓及813號3樓,108/11/01
桃園市,桃園市私立新甜甜兒童課後照顧服務中心,(03)498-6590,桃園市觀音區崙坪里2鄰忠富路崙坪段255巷55弄2號2樓,110/04/08
桃園市,桃園市私立東陞兒童課後照顧服務中心,(03)357-8880,桃園市桃園區信光里24鄰正康三街140號1、2樓,101/10/29
桃園市,桃園市私立建德兒童課後照顧服務中心,(03)375-3366,桃園市桃園區大豐里15鄰延平路240號,101/11/01
桃園市,桃園市私立普利斯堡兒童課後照顧服務中心,(03)392-0850,桃園市桃園區文中路106號3樓,101/11/05
桃園市,桃園市私立佳恩兒童課後照顧服務中心,(03)344-1958,桃園市桃園區文中里9鄰文中路95巷1號1、2、3、4樓,102/01/07
桃園市,桃園市私立百分百兒童課後照顧服務中心,(03)341-3068,桃園市桃園區中埔里永安路1038號1、2、3樓,102/02/05
桃園市,桃園市私立崙晟龍山兒童課後照顧服務中心,(03)370-1234,桃園市桃園區龍祥里12鄰龍祥街56號1、2、3樓,102/02/22
桃園市,桃園市私立得人兒童課後照顧服務中心,(03)357-8727,桃園市桃園區大興里17鄰大業路1段389號1、2、3樓,102/02/22
桃園市,桃園市私立又福兒童課後照顧服務中心,(03)220-1292,桃園市桃園區國際路一段1148巷10號、12號、14號、16號1樓,102/03/22
桃園市,桃園市私立向日葵兒童課後照顧服務中心,(03)336-3443,桃園市桃園區青溪里31鄰國光街62號、64號1-2樓,102/04/22
桃園市,桃園市私立全園兒童課後照顧服務中心,(03)367-4599,桃園市桃園區昆明路138巷3號1、2樓,102/05/03
桃園市,桃園市私立數1數2兒童課後照顧服務中心,(03)334-5768,桃園市桃園區民權路99巷25號1、2、3樓,102/05/14
桃園市,桃園市私立超群兒童課後照顧服務中心,(03)336-6651,桃園市桃園區莒光街24號1、2樓,102/07/16
桃園市,桃園市私立華人兒童課後照顧服務中心,(03)301-4595,桃園市桃園區南埔里8鄰永安路760-1號3樓,102/07/19
桃園市,桃園市私立大業兒童課後照顧服務中心,(03)333-6283,桃園市桃園區忠義里大業路一段118號1、2、3樓,102/08/08
桃園市,桃園市私立喬其兒童課後照顧服務中心,(03)338-7566,桃園市桃園區南門里20鄰復興路334號、336號1-2樓,102/08/30
桃園市,桃園市私立潘達兒童課後照顧服務中心,(03)301-5255,桃園市桃園區南埔里12鄰永順街113號1、2樓,102/09/13
桃園市,桃園市私立永祥兒童課後照顧服務中心,(03)332-6809,桃園市桃園區永安里24鄰中正三街270號4樓,102/10/15
桃園市,桃園市私立政聖兒童課後照顧服務中心,(03)378-2159,桃園市桃園區龍鳳里24鄰國豐三街9號1樓、15號1樓、11號2樓,102/10/23
桃園市,桃園市私立泓林兒童課後照顧服務中心,(03)355-1662,桃園市桃園區同德里中埔六街8號1樓,102/10/25
桃園市,桃園市私立孔夫子兒童課後照顧服務中心,(03)392-2516,桃園市桃園區中泰里7鄰國際路一段1069號1樓,102/11/04
桃園市,桃園市私立明聖兒童課後照顧服務中心,(03)392-2011,桃園市桃園區龍安里5鄰國豐十街252號1、2、3、4樓,102/11/04
桃園市,桃園市私立西詩爾兒童課後照顧服務中心,(03)301-6515,桃園市桃園區南埔里12鄰永順街115號1、2樓,102/11/08
桃園市,桃園市私立崇文兒童課後照顧服務中心,(03)337-3567,桃園市桃園區光興里20鄰莒光街45號1、2樓,102/11/13
桃園市,桃園市私立桃園兒童課後照顧服務中心,(03)331-8598,桃園市桃園區南華街67號1、2、3樓,102/11/28
桃園市,桃園市私立育巢兒童課後照顧服務中心,(03)357-8796,桃園市桃園區信光里正康三街112號及114號1、2樓,102/12/30
桃園市,桃園市私立黃豪兒童課後照顧服務中心,(03)338-2350,桃園市桃園區成功里5鄰鎮撫街120-3號1、2樓,103/03/06
桃園市,桃園市私立津橋兒童課後照顧服務中心,(03)331-6999,桃園市桃園區大有里7鄰民有東路1巷1號2樓,103/04/14
桃園市,桃園市私立永學兒童課後照顧服務中心,(03)301-3238,桃園市桃園區瑞慶里3鄰明德街15號2樓,103/04/28
桃園市,桃園市私立青溪兒童課後照顧服務中心,(03)336-9330,桃園市桃園區青溪里12鄰鎮一街105號3、4樓,102/12/11
桃園市,桃園市私立小太陽兒童課後照顧服務中心,(03)332-8771,桃園市桃園區東門里11鄰桃一街37號1、2樓,102/11/20
桃園市,桃園市私立安徒生兒童課後照顧服務中心,(03)220-1212,桃園市桃園區中山里4鄰泰昌十二街97號1、2樓,103/05/29
桃園市,裔點股份有限公司附設桃園市私立裔點兒童課後照顧服務中心,(03)216-1500,桃園市桃園區中寧里17鄰大興西路二段139巷173號1、2樓,103/08/15
桃園市,桃園市私立立維兒童課後照顧服務中心,(03)218-8711,桃園市桃園區大豐里22鄰大豐路95號1樓、95-1號2樓、95-2號3樓,103/09/05
桃園市,桃園市私立育人兒童課後照顧服務中心,(03)370-0110,桃園市桃園區龍鳳里10鄰龍鳳三街42號2、3樓,104/05/14
桃園市,桃園市私立國家兒童課後照顧服務中心,(03)334-7171,桃園市桃園區東門里9鄰成功路二段69號2樓、71號1-2樓,104/06/02
桃園市,興園股份有限公司附設桃園市私立薇爾兒童課後照顧服務中心,(03)361-9997,桃園市桃園區大林里12鄰桃鶯路196號2樓之1、3樓之2,104/11/02
桃園市,桃園市私立勁草兒童課後照顧服務中心,(03)220-5260,桃園市桃園區中山里14鄰泰昌十二街131號1樓及133號1、2樓,105/01/14
桃園市,桃園市私立文鼎兒童課後照顧服務中心,(03)218-0570,桃園市桃園區大豐里4鄰延平路164號1、2樓,105/12/27
桃園市,桃園市私立喬其明兒童課後照顧服務中心,(03)271-1777,桃園市桃園區西湖里7鄰四維街136號、138號1-3樓,106/01/11
桃園市,桃園市私立傑尼兒童課後照顧服務中心,(03)338-0207,桃園市桃園區忠義里19鄰大業路一段85號1、2、3、4樓,106/03/23
桃園市,桃園市私立柏宏兒童課後照顧服務中心,(03)218-8816,桃園市桃園區大豐里21鄰樹林八街19號1、2樓,106/08/22
桃園市,桃園市私立雅典娜兒童課後照顧服務中心,(03)272-7767,桃園市桃園區南埔里12鄰永順街101號2、3樓,106/12/13
桃園市,桃園市私立大立昇兒童課後照顧服務中心,(03)326-3550,桃園市桃園區莊敬里11鄰新埔八街61號2、3樓,107/02/12
桃園市,桃園市私立乘究兒童課後照顧服務中心,(03)325-1200,桃園市桃園區自強里1鄰經國路280號3樓,108/07/03
桃園市,桃園市私立托福兒童課後照顧服務中心,(03)333-1086,桃園市桃園區大同路269號1、2樓,108/10/18
桃園市,財團法人天主教德來會附設桃園市私立鳴遠兒童課後照顧服務中心,(03)332-3351,桃園市桃園區成功里19鄰成功路二段291號4樓,109/03/24
桃園市,桃園市私立普林斯頓兒童課後照顧服務中心,(03)370-5382,桃園市桃園區中泰里8鄰宏昌六街253號3樓,109/05/29
桃園市,桃園市私立安學立兒童課後照顧服務中心,(03)356-5325,桃園市桃園區新埔里25鄰天祥五街3號1、2樓,109/05/18
桃園市,桃園市私立麥思特彼斯兒童課後照顧服務中心,(03)356-7457,桃園市桃園區經國路244號3樓,109/10/19
桃園市,桃園市私立奧斯汀兒童課後照顧服務中心,(03)-3570230,桃園市桃園區春日里大業路二段163號1-4樓,111/09/14
桃園市,桃園市私立孩子堡兒童課後照顧服務中心,(03)319-7088,桃園市龜山區山福里15鄰中興路115巷9號1、2樓,101/10/09
桃園市,桃園市私立百虹兒童課後照顧服務中心,(03)319-1872,桃園市龜山區山德里1鄰頂興路34-5號1，2、3、4樓,102/01/02
桃園市,桃園市私立六合兒童課後照顧服務中心,(03)329-8686,桃園市龜山區大同里12鄰大同路409巷2弄2號、4號1-2樓,102/03/20
桃園市,桃園市私立佑林兒童課後照顧服務中心,(03)327-3488,桃園縣龜山區樂善里文德二路98號、102號,102/05/14
桃園市,桃園市私立佑林兒童課後照顧服務中心文德分班,(03)327-3488,桃園市龜山區樂善里文德二路33號、35號1樓,102/05/16
桃園市,桃園市私立愛文馨兒童課後照顧服務中心,(03)320-1084,桃園市龜山區新興里17鄰自強南路195號1、2、3、4樓,102/09/02
桃園市,桃園市私立博士兒兒童課後照顧服務中心,(03)397-3539,桃園市龜山區文化七路38號1樓、1樓夾層,102/09/12
桃園市,桃園市私立喬立兒童課後照顧服務中心,(03)327-1013,桃園市龜山區大華里15鄰興華五街61號1樓,102/11/14
桃園市,桃園市私立駿博兒童課後照顧服務中心,(03)328-1267,桃園市龜山區文化里9鄰文化一路86-1號1、2樓,102/11/15
桃園市,桃園市私立王老師兒童課後照顧服務中心,(03)327-2117,桃園市龜山區大華里9鄰文化七路86號1、2樓,102/11/20
桃園市,桃園市私立英倫兒童課後照顧服務中心,(03)212-7012,桃園市龜山區南上里5鄰南上路114號1、2、3樓,102/12/02
桃園市,桃園市私立親親兒童課後照顧服務中心,(03)350-3031,桃園市龜山區龜山里13鄰明仁路21號、龜山后街東華巷10號1、2樓,103/04/25
桃園市,桃園市私立六合兒童課後照顧服務中心大同分班,(03)329-8686,桃園市龜山區大同里11鄰大同路417號1、2樓,103/05/20
桃園市,桃園市私立史丹佛兒童課後照顧服務中心,(03)212-4380,桃園市龜山區南美里1鄰南上路78號1、2樓,103/08/27
桃園市,桃園市私立領航兒童課後照顧服務中心,(03)359-6600,桃園市龜山區山福里14鄰頂興路116號1-3樓、116-1號1-3樓、116-2號1-3樓,103/10/23
桃園市,桃園市私立金儒兒童課後照顧服務中心,(03)350-5858,桃園市龜山區新路里31鄰忠誠街20號1、2、3樓及22號3樓,105/04/14
桃園市,桃園市私立楓樹小牛津兒童課後照顧服務中心,(03)320-4543,桃園市龜山區楓樹里4鄰光峯路288號1、2、3樓,105/04/27
桃園市,桃園市私立立人兒童課後照顧服務中心,(03)349-4581,桃園市龜山區龜山里13鄰明仁路13號1、2、3、4樓,105/06/07
桃園市,桃園市私立德學兒童課後照顧服務中心,(03)327-3132,桃園市龜山區文昌五街96號1樓、98號1樓及夾層、100號1樓及夾層,108/11/29
桃園市,桃園市私立翰萱兒童課後照顧服務中心,(03)350-6699,桃園市龜山區山福里14鄰頂興路128號1、2、3樓,109/08/11
桃園市,桃園市私立朵樂兒童課後照顧服務中心,(03)397-4336,桃園市龜山區樂善里4鄰文學路257號1、2樓,110/01/18
桃園市,桃園市私立翰萱兒童課後照顧服務中心宏群分班,(03)329-5568,桃園市龜山區山福里15鄰中興路115巷12號1、2、3樓,110/01/18
桃園市,桃園市私立樂學兒童課後照顧服務中心,(03)-3591938,桃園市龜山區龜山里22鄰中和路149號1至3樓,111/09/13
桃園市,桃園市私立志學兒童課後照顧服務中心,(03)379-1471,桃園市八德區高明里28鄰高城七街21巷1號、1-1號、3號、3-1號1-2樓,101/10/30
桃園市,桃園市私立仲華兒童課後照顧服務中心,(03)218-1391,桃園市八德區大慶里廣福路20巷52號,101/11/26
桃園市,桃園市私立崙晟兒童課後照顧服務中心,(03)369-5666,桃園市八德區高明里8鄰富城街26號1、2、3樓,101/12/10
桃園市,桃園市私立耕讀園兒童課後照顧服務中心,(03)371-0202,桃園市八德區大忠里8鄰忠誠路14號1、2、3樓,102/01/23
桃園市,桃園市私立沈老師兒童課後服務照顧中心,(03)365-2695,桃園市八德區興豐路275號1、2樓,102/04/01
桃園市,桃園市私立好貝爾兒童課後照顧服務中心,(03)363-6833,桃園市八德區大忠里8鄰忠誠街9號1、2樓,102/09/23
桃園市,桃園市私立東森之星兒童課後照顧服務中心,(03)377-0608,桃園市八德區大勇里4鄰自強街59巷1園號1樓,102/09/24
桃園市,桃園市私立育才兒童課後照顧服務中心,(03)363-7979,桃園市八德區廣福路20巷11號、20巷15弄5號,102/09/24
桃園市,桃園市私立冠軍學苑兒童課後照顧服務中心,(03)368-1507,桃園市八德區介壽路二段933巷19號1、2、3樓,102/10/07
桃園市,桃園市私立學誠兒童課後照顧服務中心,(03)377-5748,桃園市八德區大勇里1鄰忠勇街380號1、2、3、4樓,102/11/04
桃園市,桃園市私立英國皇家萊恩兒童課後照顧服務中心,(03)361-7530,桃園市八德區廣隆里30鄰國豐六街21號4樓,102/11/12
桃園市,桃園市私立宏恩兒童課後照顧服務中心,(03)367-1448,桃園市八德區忠孝街49號1、2樓,102/11/25
桃園市,朝陽富元教育股份有限公司附設桃園市私立朝揚兒童課後照顧服務中心,(03)375-9300,桃園市八德區大榮里2鄰忠勇街339之3號1、2樓,102/12/02
桃園市,桃園市私立童優兒童課後照顧服務中心,(03)361-8128,桃園市八德區大義里27鄰忠勇街307號2、3、4樓,103/03/19
桃園市,桃園市私立名格兒童課後照顧服務中心,(03)373-2850,桃園市八德區興豐路263號1、2樓,102/11/29
桃園市,桃園市私立真善美兒童課後照顧服務中心,(03)363-8613,桃園市八德區介壽路一段645巷7弄28號1、2、3樓,102/03/18
桃園市,桃園市私立英國皇家兒童課後照顧服務中心,(03)363-0422,桃園市八德區廣隆里22鄰廣福路278之1號1樓,102/11/05
桃園市,桃園市私立凱思堡兒童課後照顧服務中心,(03)275-5398,桃園市八德區興仁里6鄰中山路155號,104/02/17
桃園市,桃園市私立開普兒童課後照顧服務中心,(03)377-2388,桃園市八德區大忠里8鄰大忠街68號1、2樓,105/01/04
桃園市,桃園市私立建文兒童課後照顧服務中心,(03)363-7598,桃園市八德區大和里20鄰建國路1110號1、2樓,106/04/10
桃園市,桃園市私立貝貝鹿兒童課後照顧服務中心,(03)365-8250,桃園市八德區瑞發里介壽路二段931號3樓,106/09/15
桃園市,桃園市私立立添兒童課後照顧服務中心,(03)371-5050,桃園市八德區介壽路二段34號2樓,106/09/22
桃園市,桃園市私立陶陶兒童課後照顧服務中心,(03)365-2738,桃園市八德區興仁里30鄰中山路128巷27號1、2、3、4樓,107/11/06
桃園市,桃園市私立凱思堡二班兒童課後照顧服務中心,(03)3368-5451,桃園市八德區興仁里6鄰中山路141號1、2樓,108/04/23
桃園市,桃園市私立賦有兒童課後照顧服務中心,(03)361-8257,桃園市八德區大成里1林廣福路22號2、3樓,109/05/04
桃園市,桃園市私立德育兒童課後照顧服務中心,(03)368-4500,桃園市八德區長興路700-23號2、3、4樓,110/08/13
桃園市,桃園市私立崇譽兒童課後照顧服務中心,(03)-0970194664,桃園市八德區中正路147號1-4樓,111/01/17
桃園市,桃園市私立格格兒童課後照顧服務中心,(03)-3688677,桃園市八德區豐德二路38號1樓及夾層,111/06/14
桃園市,桃園市私立維思登兒童課後照顧服務中心,(03)387-1898,桃園市大溪區一心里8鄰文化路105號1、2樓,101/11/13
桃園市,桃園市私立僑城兒童課後照顧服務中心,(03)390-6770,桃園市大溪區仁善街96號1樓,102/03/15
桃園市,桃園市私立迪卡爾兒童課後照顧服務中心,(03)307-2969,桃園縣大溪區僑愛里34鄰介壽路208號、210號2樓,102/05/03
桃園市,桃園市私立福心兒童課後照顧服務中心,(03)387-0889,桃園市大溪區中華路343號2樓,102/11/21
桃園市,桃園市私立审老師兒童課後照顧服務中心,(03)390-9095,桃園市大溪區僑愛里37鄰介壽路90號3、4樓,102/12/02
桃園市,桃園市私立愛學習兒童課後照顧服務中心,(03)380-9885,桃園市大溪區仁和里18鄰員林路一段225號1、2、3、4樓,106/02/23
桃園市, 桃園市私立菓林兒童課後照顧服務中心,(03)383-8827,桃園市大園區菓林里15鄰崁下49之16號1、2、3樓,102/02/01
桃園市,桃園市私立永兆兒童課後照顧服務中心,(03)381-7250,桃園市大園區五權里15鄰中正東路二段447號1、2樓,102/10/07
桃園市,桃園市私立素養教室兒童課後照顧服務中心,(03)-4533040分機700,桃園市大園區新生路四段103號2樓、3樓,110/04/21
桃園市,桃園市私立辰星兒童課後照顧服務中心,(03)-3852895,桃園市大園區橫峰里12鄰中正二街9號1樓,111/06/29
桃園市,桃園市私立班笛斯兒童課後照顧服務中心,(03)313-8856,桃園市蘆竹區大竹里5鄰大福路356號1-4,102/05/02
桃園市,桃園市私立文中兒童課後照顧服務中心,(03)379-6633,桃園市蘆竹區新興里1鄰文中路一段19巷36號1、2、3樓,102/05/03
桃園市,桃園市私立上格兒童課後照顧服務中心,(03)313-5500,桃園市蘆竹區上興路110號1、2樓,102/05/24
桃園市,桃園市私立小貴族兒童課後照顧服務中心,(03)313-1456,桃園市蘆竹區大竹里14鄰新福街319號1、2樓,102/05/30
桃園市,桃園市私立啟迪兒童課後照顧服務中心,(03)222-2797,桃園市蘆竹區南興里4鄰奉化路145號2樓、南順六街18號2樓,102/07/04
桃園市,桃園市私立小博士兒童課後照顧服務中心,(03)323-5646,桃園市蘆竹區大竹里6鄰新福街127號1、2樓,102/12/05
桃園市,桃園市私立家家兒童課後照顧服務中心,(03)311-0708,桃園市蘆竹區五福里4鄰羊城一街10號1、2、3、4樓,102/04/25
桃園市,桃園市私立維妮兒兒童課後照顧服務中心,(03)313-8819,桃園市蘆竹區上竹里6鄰大同街30號1、2、3樓,106/08/28
桃園市,桃園市私立立仁兒童課後照顧服務中心,(03)321-1869,桃園市蘆竹區南榮里10鄰南竹路一段63號2樓,106/09/01
桃園市,桃園市私立安博兒童課後照顧服務中心,(03)212-8711,桃園市蘆竹區五福里4鄰吉林路24號3、4樓,107/01/15
桃園市,桃園市私立玉兔兒童課後照顧服務中心,(03)323-2446,桃園市蘆竹區大竹里9鄰南竹路五段222號1、2樓,107/11/06
桃園市,桃園市私立小康橋兒童課後照顧服務中心,(03)313-1456,桃園市蘆竹區上竹里明光街15-2號3樓,107/11/08
桃園市,桃園市私立方元兒童課後照顧服務中心,(03)-3219315,桃園市蘆竹區順興里13鄰奉化路5號1-2樓,110/12/02
苗栗縣,奇奕課後照顧服務中心,(037)478018,苗栗縣竹南鎮聖福里13鄰環市路3段145號1、2、3樓,102/04/08
苗栗縣,巧兒兒童課後照顧中心,(037)471590,苗栗縣竹南鎮龍鳳里17鄰勤興街78巷88號2樓,102/12/25
苗栗縣,苗栗縣私立新潮兒童課後照顧服務中心,(03)461412,苗栗縣竹南鎮博愛街341號2、3樓,110/04/08
苗栗縣,自強兒童課後照顧服務中心,(037)681608,苗栗縣頭份市東庄里16鄰自強路200號1、2、3、4樓,102/05/14
苗栗縣,苗栗縣私立諾爾堡兒童課後照顧服務中心,(03)668828,苗栗縣頭份市翠亨路82號,109/03/06
苗栗縣,迪仕尼兒童課後照顧服務中心,(03)320000,苗栗縣苗栗市玉華里1鄰玉清街4號1樓,104/12/29
苗栗縣,苗栗縣私立愛彌兒兒童課後照顧服務中心,(037)-321252,苗栗縣苗栗市文山里自治路491號1-2號,111/05/27
苗栗縣,東金課後照顧服務中心,(037)541110,苗栗縣造橋鄉慈聖路二段498巷2弄13號2樓,102/05/01
苗栗縣,苗栗縣私立小豆荳兒童課後照顧服務中心,(037)239888,苗栗縣公館鄉五谷村7鄰五谷253之2號,110/09/13
臺中市,臺中市私立育英兒童課後照顧服務中心,(04)2213-0453,臺中市東區東英二街20號,103/05/08
臺中市,臺中市私立海育英兒童課後照顧服務中心,(04)2203-3935,臺中市北區育德路180號1、2、3樓,103/04/29
臺中市,臺中市私立範特希兒童課後照顧服務中心,(04)2360-6013,臺中市北區進化路351巷13號1樓,105/07/04
臺中市,臺中市私立享飛課後照顧服務中心,0972-048-084,臺中市北區忠明路432號4樓之2,108/05/23
臺中市,3之3兒童課後照顧服務中心,(04)2234-5253,臺中市北屯區文昌東11街14巷6號1樓,103/05/14
臺中市,阿加濟兒童課後照顧服務中心,(04)2387-0868,臺中市南屯區永春東路898號1、2樓,103/05/08
臺中市,祥愛兒童課後照顧服務中心,(04)2335-6319,臺中市烏日區溪南路二段292號3樓,104/01/29
臺中市,一佳一兒童課後照顧服務中心,(04)2525-6392,臺中市豐原區三豐路一段103巷16弄12號、16號1、2樓,103/05/09
臺中市,欣霓兒童課後照顧服務中心,(04)2528-7965,臺中市豐原區圓環東路547號1、2、3樓,095/05/11
臺中市,佑昌兒童課後照顧服務中心,(04)2515-2226,臺中市豐原區水源路169號1樓,103/05/19
臺中市,臺中市私立安可兒童課後照顧服務中心,(04)2572-3447,臺中市石岡區石岡街93號1、2樓,104/06/11
臺中市,育欣兒童課後照顧服務中心,(04)2567-6866,臺中市大雅區學府路76巷74號1、2、3、4樓,103/05/05
臺中市,謄智兒童課後照顧服務中心,(04)2560-2399,臺中市大雅區上楓里樹德街255巷18號1、2、3樓,103/05/06
臺中市,大中科兒童課後照顧服務中心,(04)2567-3002,臺中市大雅區神林南路671號,103/05/19
臺中市,長和兒童課後照顧服務中心,(04)2563-2341,臺中市神岡區社南里民生路27-17號1、2、3、4樓,103/03/11
臺中市,喬恩兒童課後照顧服務中心,(04)2561-5465,臺中市神岡區民生路27-11號2、3樓,103/05/07
臺中市,智多星兒童課後照顧服務中心,(04)2620-2940,臺中市清水區海風二街326巷15號,103/05/13
臺中市,全方位兒童課後照顧服務中心,(04)2680-1456,臺中市大甲區民權路43號1、2樓,103/05/12
彰化縣,彰化縣私立文竹兒童課後照顧服務中心,(04)737-5333,彰化縣彰化市大竹里13鄰安溪東路1巷75弄9號,090/08/03
彰化縣,彰化縣私立迪生兒童課後照顧服務中心,(04)776-8139,彰化縣福興鄉福興村10鄰沿海路五段6號,093/07/16
彰化縣,彰化縣私立花露米兒童課後照顧服務中心,(04)824-8899,彰化縣田尾鄉溪畔村6鄰溪畔巷99號,103/07/22
南投縣,私立利百家兒童課後照顧服務中心,(049)222-1544,南投縣南投市信義街133號1、2樓,102/10/23
南投縣,私立凱彣兒童課後照顧服務中心,(049)222-4321,南投縣南投市文昌街2-5號1樓,102/11/19
南投縣,私立愛彌兒兒童課後照顧服務中心,(049)269-1738,南投縣中寮鄉永平村永平路282之8號2、3樓,102/10/23
南投縣,私立孩子王兒童課後照顧服務中心,(049)276-4581,南投縣集集鎮集賢街390號1樓,105/10/03
嘉義市, 嘉義市私立卓越兒童課後照顧服務中心,(05)216-5678,嘉義市東區興業東路92號1、2、3、4樓,103/04/14
嘉義市,嘉義市私立安仕兒童課後照顧服務中心,(05)234-2309,嘉義市西區松江三街103號1、2樓、105號1樓,103/05/16
嘉義市,嘉義市私立多易兒童課後照顧服務中心,(05)271-8620,嘉義市嘉北街54號1、2樓、64號1樓,103/04/01
嘉義市,嘉義市私立貝斯特兒童課後照顧服務中心,(05)-2769802,嘉義市東區嘉北街62號,111/03/23
嘉義縣,嘉義縣私立承恩兒童課後照顧服務中心,(05)265-1950,嘉義縣大林鎮東林里9鄰東榮街27號1、2、3樓,102/11/29
嘉義縣,昇學兒童課後照顧服務中心,(05)265-9378,嘉義縣大林鎮平林里4鄰水源路13號,107/11/28
雲林縣,雲林縣私立長和兒童課後照顧服務中心,(05)557-3618,雲林縣斗六市榴中里23鄰光復路79-75號,103/12/15
雲林縣,雲林縣私立孫老師兒童課後照顧服務中心,(05)551-2127,雲林縣斗六市虎溪里興農路199號1、2樓,106/03/23
臺南市,臺南市私立基督教青年會附設協進兒童課後照顧服務中心,(06)220-7302,臺南市中西區協進里1鄰民生路2段200號4樓,102/08/16
臺南市,臺南市私立大象兒童課後照顧服務中心,(06)213-5285,臺南市中西區五妃街214號1樓,103/01/24
臺南市,臺南市私立領袖學院崇德課後照顧中心,(06)289-3485,臺南市東區崇德22街66號4樓,103/02/26
臺南市,臺南市私立愛兒堡兒童課後照顧服務中心,(06)331-2685,臺南市東區裕忠路235號1、2、3樓,102/10/28
臺南市,臺南市私立基督教青年會附設長榮兒童課後照顧服務中心,(06)236-3005,臺南市東區林森路二段79號3、4樓,102/08/16
臺南市,幼柏仕文教事業有限公司附設臺南市私立幼柏士兒童課後照顧服務中心,(06)3350420,臺南市東區德東街237號1-2樓,111/01/04
臺南市,臺南市私立康德兒童課後照顧服務中心,(06)223-5155,臺南市北區成功路252號 3、4樓,102/12/23
臺南市,臺南市私立基督教青年會附設公園兒童課後照顧服務中心,(06)282-4000分機10-15,臺南市北區公園路591之31號4樓,102/08/16
臺南市,臺南市私立澄果兒童課後照顧服務中心,(06)295-7788,臺南市安平區平豐路126號1、2、3樓,103/01/02
臺南市,臺南市私立1+1兒童課後照顧服務中心,(06)299-1563,臺南市安平區育平9街22巷1號1、2、3樓,102/12/26
臺南市,臺南市私立法王子兒童課後照顧服務中心,(06)246-6345,臺南市安南區頂安街345號1、2樓,105/08/03
臺南市,臺南市私立安南兒童課後照顧服務中心,(06)256-7372,臺南市安南區安中路三段400巷5號3、4樓,107/01/16
臺南市,臺南市私立可樂學學兒童課後照顧服務中心,(06)-3570066,臺南市安南區安和路五段84巷64弄60號1-4樓,111/09/19
臺南市,臺南市私立親親寶貝兒童課後照顧服務中心,(06)313-2910,臺南市永康區小東路661號1、2樓,103/04/14
臺南市,臺南市私立幼華兒童課後照顧服務中心,(06)232-5892,臺南市永康區聖龍街178號1、2、3樓,103/06/25
臺南市,威爾森文教事業股份有限公司附設臺南市私立安德森兒童課後照顧服務中心,(06)313-9187,臺南市永康區中山東路333號1、2、3、4樓,104/07/13
臺南市,臺南市私立陶樂絲兒童課後照顧服務中心,(06)201-0599,臺南市永康區中山南路653巷17-1號1、2樓,105/10/05
臺南市,臺南市私立永德兒童課後照顧服務中心,(06)202-6265,臺南市永康區正強街161號1-2樓,108/04/10
臺南市,臺南市私立佳英兒童課後照顧服務中心,(06)201-0138,臺南市永康區永正路9號1、2、3樓,109/03/03
臺南市,臺南市私立媽媽米亞兒童課後照顧服務中心,(06)302-1010,臺南市永康區大橋三街217號1、2樓、219號1樓,109/06/08
臺南市,威爾森文教事業股份有限公司附設臺南市私立橋森兒童課後照顧服務中心,(06)302-4138,臺南市永康區東橋二街17號,109/08/27
臺南市,臺南市私立愛幼兒童課後照顧服務中心,(06)272-9123,臺南市永康區崑山街219巷36號4樓,110/08/20
臺南市,史丹佛潛能開發股份有限公司附設臺南市私立史丹佛兒童課後照顧服務中心,(06)302-6519,臺南市永康區東橋二街8號4樓,110/10/12
臺南市,史丹佛潛能開發股份有限公司附設臺南市私立郡豐兒童課後照顧服務中心,(06)-3026501,臺南市永康區東橋一路26號2樓,111/05/06
臺南市,臺南市私立小寶貝兒童課後照顧服務中心,(06)330-3507,臺南市歸仁區南興里民生北街225號1、2、3樓、227號1、2樓,103/04/14
臺南市,臺南市私立小太陽兒童課後照顧服務中心,(06)330-0530,臺南市歸仁區中正三街56巷7號,102/12/30
臺南市,臺南市私立穩穩兒童課後照顧服務中心,(06)239-9888,臺南市歸仁區後市村民權三街26號1、2、3、4樓,107/02/21
臺南市,臺南市私立佳學兒童課後照顧服務中心,0973-074-591,臺南市歸仁區文化街三段22號1、2樓 ,107/12/17
臺南市,臺南市私立華偉兒童課後照顧服務中心,(06)330-9810,臺南市歸仁區民權北路181號1、2樓,108/09/23
臺南市,臺南市私立師院兒童課後照顧服務中心,(06)580-0568,臺南市新化區復興路290巷2號1、2、3、4樓,102/08/16
臺南市,臺南市私立華盛頓兒童課後照顧服務中心,(06)590-6003,臺南市新化區東榮里信義路173之3號1、2、3樓,102/07/20
臺南市,臺南市私立銘幼兒童課後照顧服務中心,(06)598-8911,臺南市新化區中正路562-1號3、4樓,108/12/17
臺南市,臺南市私立愛創品兒童課後照顧服務中心,(06)590-8098,臺南市新化區建國街43號1、2樓,109/07/28
臺南市,臺南市私立維也納兒童課後照顧服務中心,(06)270-9735,臺南市仁德區中正路二段758-1號1-2樓,105/03/16
臺南市,聖曜文教事業股份有限公司附設臺南市私立聖曜兒童課後照顧服務中心,(06)279-3093,臺南市仁德區裕華三街353號2、3樓,110/04/12
臺南市,臺南市私立溫馨學園兒童課後照顧服務中心,(06)722-9408,臺南市佳里區信義一街235號1、2、3樓,103/01/02
臺南市,威爾森文教事業股份有限公司附設臺南市私立華威兒童課後照顧服務中心,06-7234360,臺南市佳里區文化路346號,110/11/01
臺南市,臺南市私立小哈佛兒童課後照顧服務中心,(06)782-1111,臺南市學甲區重信路12之2號1、2、3樓,103/04/14
臺南市,臺南市私立正大兒童課後照顧服務中心,(06)656-2168,臺南市新營區育德一街23號,102/05/07
臺南市,臺南市私立華翰兒童課後照顧服務中心,(06)633-3382,臺南市新營區新進路17號1、2樓,103/04/14
臺南市,臺南市私立蘇老師兒童課後照顧服務中心,(06)659-5518,臺南市新營區三興街181號,102/11/07
臺南市,臺南市私立甜甜兒童課後照顧服務中心,(06)637-5256,臺南市新營區東泰路16巷12號1、2樓,103/04/14
臺南市,臺南市私立暉達兒童課後照顧服務中心,(06)637-5180,臺南市新營區三民路53號1、2樓,105/01/14
臺南市,臺南市私立親親兒童課後照顧服務中心,(06)635-4761,臺南市新營區興農街62-1號1樓,105/08/15
臺南市,臺南市私立云端兒童課後照顧服務中心,(06)656-9806,臺南市新營區進修街9之6號,107/05/11
臺南市,臺南市私立小圓圓兒童課後照顧服務中心,(06)679-2706,臺南市下營區大和街62號1、2樓,103/04/14
臺南市,臺南市私立水牛城兒童課後照顧服務中心,(06)-5830500,臺南市善化區坐駕里自立路108號1-4樓,111/11/10
臺南市,臺南市私立威林兒童課後照顧服務中心,(06)593-5854,臺南市安定區港口99-7號1、2樓,104/07/17
高雄市,景和兒童課後照顧服務中心,(07)223-7709,高雄市新興區中正三路1-16號1、2、3、4樓,103/04/18
高雄市,聯豪兒童課後照顧服務中心,(07)216-4888,高雄市前金區自強二路102-5號4樓之1,103/04/25
高雄市,傑出兒童課後照顧服務中心,(07)335-0703,高雄市前金區五福三路52號3樓之1,110/04/20
高雄市,超資優生兒童課後照顧服務中心,(07)751-5012,高雄市苓雅區漢昌街1號1、2、3樓,103/04/18
高雄市,親佑園兒童課後照顧服務中心,(07)535-5278,高雄市苓雅區成功一路126號1、2、3樓,103/04/24
高雄市,學而兒童課後照顧服務中心,(07)761-0251,高雄市苓雅區漢陽街108號1、2樓,102/11/06
高雄市,吉尼斯兒童課後照顧服務中心,(07)330-8998,高雄市苓雅區苓雅二路40號1、2樓,103/04/24
高雄市,康澤兒童課後照顧服務中心,(07)331-7002,高雄市苓雅區苓雅一路20號1、2樓,103/04/10
高雄市,杏林兒童課後照顧服務中心,(07)725-1068,高雄市苓雅區廣西路56號1、2樓,103/04/18
高雄市,育昕兒童課後照顧服務中心,(07)224-0177,高雄市苓雅區憲政路116號1、2樓,103/05/23
高雄市,成龍兒童課後照顧服務中心,(07)722-9928,高雄市苓雅區建國一路32號1、2樓,103/04/18
高雄市,成大兒童課後照顧服務中心,(07)711-0307,高雄市苓雅區輔仁路172號1、2、3樓,103/04/18
高雄市,小群兒童課後照顧服務中心,(07)751-0965,高雄市苓雅區三多一路151巷40號B棟,103/01/07
高雄市,成龍中正兒童課後照顧服務中心,(07)711-2622,高雄市苓雅區輔仁路179-5號1、2樓,103/04/18
高雄市,福瑞斯特兒童課後照顧服務中心,(07)223-6302,高雄市苓雅區憲政路201號3樓,107/12/19
高雄市,美僑兒童課後照顧服務中心,(07)551-9079,高雄市鹽埕區大智路54之1號1、2樓,103/04/17
高雄市,恆青兒童課後照顧服務中心,(07)532-4666,高雄市鹽埕區建國四路222號1樓、4樓之1、4樓之2,102/09/18
高雄市,睿智資優兒童課後照顧服務中心,(07)521-2140,高雄市鹽埕區五福四路151-1號3樓,103/10/16
高雄市,睿智快樂兒童課後照顧服務中心,(07)5212140,高雄市鹽埕區大智路113號3樓,109/01/06
高雄市,成就非凡兒童課後照顧服務中心,(07)553-2628,高雄市鼓山區明誠三路705號1、2、3樓,103/02/19
高雄市,學仁兒童課後照顧服務中心,(07)554-1399,高雄市鼓山區華泰路218、220號4樓,103/03/27
高雄市,怡親兒童課後照顧服務中心,(07)582-5219,高雄市鼓山區銘傳路56巷6號2樓,102/11/25
高雄市,天才兒童課後照顧服務中心,(07)561-6418,高雄市鼓山區內惟路18巷2之1號1、2樓,103/03/21
高雄市,龍泉兒童課後照顧服務中心,(07)551-2086,高雄市鼓山三路92之1號1、2樓,103/04/17
高雄市,聖彼德兒童課後照顧服務中心,(07)522-7711,高雄市鼓山區大順一路866號1、2樓,102/10/24
高雄市,黛安哪兒童課後照顧服務中心,(07)533-6969,高雄市鼓山區臨海一路12號1樓,103/02/17
高雄市,聖家兒童課後照顧服務中心,(07)533-8131,高雄市鼓山區九如四路584號1、2、3、4樓,103/03/06
高雄市,龍美兒童課後照顧服務中心,(07)561-6418,高雄市鼓山區伊犁街112號1、2、3樓,103/01/24
高雄市,喜樂泉源股份有限公司附設高雄市私立希伯崙兒童課後照顧服務中心,(07)522-2758,高雄市鼓山區南屏路853號1樓、夾層及2樓,103/01/24
高雄市,南屏強納生兒童課後照顧服務中心,(07)550-2828,高雄市南屏路863號1、2樓,103/03/25
高雄市,振才兒童課後照顧服務中心,(07)585-0868,高雄市鼓山區九如四路1803號1、2、3、4樓,103/04/17
高雄市,維維恩兒童課後照顧服務中心,(07)553-1880,高雄市鼓山區昌盛路283號1、2樓,106/11/07
高雄市,小恐龍兒童課後照顧服務中心,(07)571-3365,高雄市旗津區旗津二路586號3、4樓,104/12/02
高雄市,地球村兒童課後照顧服務中心,(07)831-1611,高雄市前鎮區鎮海七街16號1樓,103/05/05
高雄市,國民兒童課後照顧服務中心,(07)812-3603,高雄市前鎮區實業路51號2樓,103/04/18
高雄市,興學兒童課後照顧服務中心,(07)811-1979,高雄市前鎮區天倫街160號1、2、3、4樓,102/05/24
高雄市,台科大兒童課後照顧服務中心,(07)723-2271,高雄市前鎮區瑞華街48號1、2樓,103/04/28
高雄市,文揚兒童課後照顧服務中心,(07)713-4556,高雄市前鎮區和平二路50號1、2樓,103/04/21
高雄市,加恩兒童課後照顧服務中心,(07)330-9115,高雄市前鎮區南寧街167號2樓,103/01/20
高雄市,浩群兒童課後照顧服務中心,(07)727-1128,高雄市前鎮區瑞隆路202號1、2、3樓,103/05/06
高雄市,前鎮佑昇兒童課後照顧服務中心,(07)721-5519,高雄市前鎮區武慶一路230號2、3樓,103/05/01
高雄市,國譽兒童課後照顧服務中心,(07)335-5528,高雄市前鎮區中華五路939巷58號1、2、3樓,103/02/21
高雄市,文文兒童課後照顧服務中心,(07)811-1169,高雄市前鎮區翠亨北路279號2樓,103/04/18
高雄市,獎學金兒童課後照顧服務中心,(07)751-6886,高雄市前鎮區瑞華街50號1、2樓,103/04/21
高雄市,樹霖兒童課後照顧服務中心,(07)536-1228,高雄市前鎮區正勤路78號1、2、3樓,103/03/04
高雄市,威兒嘻兒童課後照顧服務中心,(07)713-6814,高雄市前鎮區福祥街8號1、2、3、4樓,103/04/14
高雄市,大仲馬兒童課後照顧服務中心,(07)721-2036,高雄市前鎮區永豐路133號1、2、3樓,103/04/18
高雄市,高名兒童課後照顧服務中心,(07)330-0568,高雄市前鎮區一心二路45號3樓之1,103/04/25
高雄市,博瀚兒童課後照顧服務中心,(07)751-3988,高雄市前鎮區瑞隆路142號1、2樓,103/04/21
高雄市,博聖第一兒童課後照顧服務中心,(07)726-1583,高雄市前鎮區瑞北路32、34號1-4樓,103/04/21
高雄市,旭捷兒童課後照顧服務中心,(07)536-2071,高雄市前鎮區一德路91-2號3樓、93-2號3樓,103/03/04
高雄市,文莘兒童課後照顧服務中心,(07)721-0716,高雄市前鎮區福祥街56巷23號1、2、3樓,103/01/21
高雄市,林森兒童課後照顧服務中心,(07)338-6911,高雄市前鎮區林森三路33-7號、33-9號,103/04/29
高雄市,欣倫兒童課後照顧服務中心,(07)717-3650,高雄市前鎮區瑞華街2號1、2、3、4樓,101/11/15
高雄市,小楊彬兒童課後照顧服務中心,(07)537-7499,高雄市前鎮區一心二路45號4樓之1,101/09/18
高雄市,碧優廷兒童課後照顧服務中心,(07)713-1468,高雄市前鎮區福祥街10巷1號,105/01/04
高雄市,松柏兒童課後照顧服務中心,(07)821-3388,高雄市前鎮區南衙路40巷31號1樓,110/09/28
高雄市,愷正兒童課後照顧服務中心,(07)397-1798,高雄市三民區大豐二路61號 1、2樓,103/04/28
高雄市,來來兒童課後照顧服務中心,(07)384-5175,高雄市三民區慶雲街45號2樓 ,103/04/09
高雄市,青青兒童課後照顧服務中心,(07)381-3743,高雄市三民區建武路230號1、2樓,103/05/13
高雄市,小福星兒童課後照顧服務中心,(07)395-9237,高雄市三民區壽昌路170號1、2、3、4樓,103/04/09
高雄市,財團法人私立高雄醫學大學附設高雄市私立高醫兒童課後照顧服務中心,(07)312-1101分機2386,高雄市三民區自忠街78號1、2樓,103/04/16
高雄市,禾哥兒童課後照顧服務中心,(07)347-3718,高雄市三民區鼎金後路119號1、2樓,103/04/11
高雄市,御象兒童課後照顧服務中心,(07)389-7136,高雄市三民區昌富街69號1、2樓,103/04/15
高雄市,下課後兒童課後照顧服務中心,(07)201-3813,高雄市三民區建國三路218巷2號2、3樓,103/04/03
高雄市,中友兒童課後照顧服務中心,(07)392-2423,高雄市三民區大昌一路165號1、2、3樓,103/04/11
高雄市,小專家兒童課後照顧服務中心,(07)386-8486,高雄市三民區九如一路280號3、4樓,103/05/15
高雄市,慧橋兒童課後照顧服務中心,(07)310-7233,高雄市三民區鼎金後路520號1、2、3、4樓,103/05/15
高雄市,奕城兒童課後照顧服務中心,(07)387-7879,高雄市三民區覺民路334號1、2、3、4樓,102/12/05
高雄市,皇家劍橋兒童課後照顧服務中心,(07)310-4320,高雄市三民區鼎金後路526號1、2、3、4樓,103/04/11
高雄市,愷育兒童課後照顧服務中心,(07)384-1588,高雄市三民區永年街132號1、2、3、4樓,103/01/24
高雄市,新真善美兒童課後照顧服務中心,(07)310-5918,高雄市三民區鼎強街243號1、2、3、4樓,103/04/10
高雄市,愷立兒童課後照顧服務中心,(07)385-0642,高雄市三民區大豐二路69號1、2、3、4樓,103/02/06
高雄市,陽明優仕兒童課後照顧服務中心,(07)383-0800,高雄市三民區義華路280號1、2、3、4樓、282號1、2、3、4樓,103/04/15
高雄市,新學人兒童課後照顧服務中心,(07)390-7958,高雄市三民區義德路105號1、2、3、4樓,103/01/17
高雄市,培倫兒童課後照顧服務中心,(07)383-3842,高雄市三民區莊敬路174號1、2樓,103/04/03
高雄市,吉的堡網路科技股份有限公司附設兒童課後照顧服務中心,(07)380-5959,高雄市三民區九如一路276號2樓,102/11/18
高雄市,童年兒童課後照顧服務中心,(07)384-3532,高雄市三民區光武路112號1、2、3、4樓、114號1、2、3、4樓,103/04/11
高雄市,大英兒童課後照顧服務中心,(07)321-0607, 高雄市三民區十全一路38號1-3樓、40號1-3樓,103/06/12
高雄市,揚名兒童課後照顧服務中心,(07)392-1888,高雄市三民區義仁街35號1、2、3樓,103/12/24
高雄市,杏冠兒童課後照顧服務中心,(07)363-9738,高雄市楠梓區德民路442號1、2樓,103/04/21
高雄市,杏馨兒童課後照顧服務中心,(07)363-2777,高雄市楠梓區樂群路82號、84號1、2樓,103/04/24
高雄市,福慧兒童課後照顧服務中心,(07)368-2018,高雄市楠梓區壽民路79號1樓,103/04/29
高雄市,倍能思兒童課後照顧服務中心,(07)361-6209,高雄市楠梓區樂群路239號1樓、239之2號2樓,103/04/16
高雄市,乖寶貝兒童課後照顧服務中心,(07)352-3680,高雄市楠梓區清安街2號4樓,103/04/10
高雄市,小牛頓兒童課後照顧服務中心,(07)354-1331,高雄市楠梓區鳳楠路230巷69號1、2、3、4樓,103/04/18
高雄市,右昌麥米倫兒童課後照顧服務中心,(07)362-5001,高雄市楠梓區萬昌街108之2號1、2、3、4樓,103/04/25
高雄市,高材生兒童課後照顧服務中心,(07)353-0085,高雄市楠梓區清安街57號1、2、3、4樓、63號1、2、3、4樓,103/04/10
高雄市,愛吉兒兒童課後照顧服務中心,(07)354-2060,高雄市楠梓區楠梓路269巷2號3、4樓,103/04/08
高雄市,喬伊思兒童課後照顧服務中心,(07)364-2189,高雄市楠梓區加昌路729巷60號1、2樓,103/04/25
高雄市,威廉兒童課後照顧服務中心,(07)352-1580、352-0636,高雄市楠梓區楠梓路307號1、2、3、4樓,103/04/11
高雄市,百立兒童課後照顧服務中心,(07)363-3255,高雄市楠梓區壽豐路345號1樓,103/04/28
高雄市,浩育兒童課後照顧服務中心,(07)358-1650,高雄市楠梓區土庫二路66-1號2、3、4樓,103/04/21
高雄市,普立兹兒童課後照顧服務中心,(07)355-0577,高雄市楠梓區楠陽路79號2、3、4樓,103/04/16
高雄市,尚學兒童課後照顧服務中心,(07)364-6570,高雄市楠梓區軍校路880巷38號1、2、3樓,101/09/14
高雄市,雙爵兒童課後照顧服務中心,(07)354-3033,高雄市楠梓區玉田街49號1、2、3、4樓,102/11/08
高雄市,學園兒童課後照顧服務中心,(07)591-7293,高雄市楠梓區藍田路218號,107/11/20
高雄市,育正兒童課後照顧服務中心,(07)365-0912,高雄市楠梓區後昌路105巷57號1、2、3、4樓,109/03/26
高雄市,中鋼兒童課後照顧服務中心,(07)811-1831,高雄市小港區平和十路52號1、2樓,103/03/28
高雄市,小狀元兒童課後照顧服務中心,(07)806-3836,高雄市小港區華盛街71號1、2樓,103/03/24
高雄市,高松兒童課後照顧服務中心,(07)803-3276,高雄市小港區山田路87、89、91號1、2樓,102/12/10
高雄市,百家兒童課後照顧服務中心,(07)805-3078,高雄市小港區立群路23號1、2樓,103/03/26
高雄市,文心兒童課後照顧服務中心,(07)791-4489、791-3855,高雄市小港區桂華街466號1-3樓、桂文街185號1、2、3樓,103/03/28
高雄市,上芝兒童課後照顧服務中心,(07)806-5533,高雄市小港區華盛街76巷46號1、2樓、48號1樓,103/01/22
高雄市,正一兒童課後照顧服務中心,(07)801-1823,高雄市小港區二苓路133巷20號1、2樓,102/12/06
高雄市,子信兒童課後照顧服務中心,(07)802-7515,高雄市小港區漢民路735號2樓,103/01/20
高雄市,美地兒童課後照顧服務中心,(07)793-2626,高雄市小港區孔鳳路340號1、2樓,103/04/03
高雄市,捷智兒童課後照顧服務中心,(07)813-1990,高雄市小港區平和東路65號1樓,102/12/25
高雄市,真愛龍之堡兒童課後照顧服務中心,(07)791-3341,高雄市小港區孔鳳路204號1、2、3、4樓,103/02/06
高雄市,小神童兒童課後照顧服務中心,(07)793-4269,高雄市小港區桂華街382號1、2樓,103/03/31
高雄市,宏軒兒童課後照顧服務中心,(07)807-0927,高雄市小港區宏文路122號1、2樓,102/12/06
高雄市,立智兒童課後照顧服務中心,(07)807-0066,高雄市小港區宏文路57號1、2、3樓,102/12/04
高雄市,子瑋兒童課後照顧服務中心,(07)802-2676,高雄市小港區水秀路386號1、2、3、4樓,103/03/28
高雄市,華漢兒童課後照顧服務中心,(07)803-9665,高雄市小港區華盛街56號1、2、3樓,103/01/22
高雄市,符氏兒童課後照顧服務中心,(07)815-3815,高雄市小港區平和南路226號1、2樓,102/11/04
高雄市,幼新兒童課後照顧服務中心,(07)813-6797,高雄市小港區崇明街88號1樓,102/12/10
高雄市,百事得兒童課後照顧服務中心,(07)801-0455,高雄市小港區漢民路638號1、2、3樓,102/12/04
高雄市,資優生兒童課後照顧服務中心,(07)791-5840,高雄市小港區桂陽路37號1、2、3樓,102/12/05
高雄市,名軒兒童課後照顧服務中心,(07)807-0431,高雄市小港區華山路211號2、3、4樓,103/02/25
高雄市,傑立克兒童課後照顧服務中心,(07)806-5188,高雄市小港區宏文路80號1、2、3、4樓,102/12/04
高雄市,大林兒童課後照顧服務中心,(07)871-5191,高雄市小港區鳳林路2巷16號1、2、3、4樓,102/12/19
高雄市,捷升兒童課後照顧服務中心,(07)812-6795,高雄市小港區平和南路136-3號1、2、3、4樓,103/02/11
高雄市,佑昇兒童課後照顧服務中心,(07)801-0152,高雄市小港區大鵬路162號1、2、3、4樓,102/12/19
高雄市,教育之心兒童課後照顧服務中心,(07)793-0110,高雄市小港區桂華街126號1、2樓,103/01/27
高雄市,二苓兒童課後照顧服務中心,(07)803-1841,高雄市小港區漢民路188巷10號1、2、3、4樓,103/03/24
高雄市,青華兒童課後照顧服務中心,(07)791-9080,高雄市小港區明義街23號1、2、3樓,106/03/30
高雄市,賢德兒童課後照顧服務中心,(07)342-2752,高雄市左營區自由四路485號 1樓、485-1號2樓,103/05/01
高雄市,盧森堡兒童課後照顧服務中心,(07)343-3920,高雄市左營區華夏路1017號1樓,103/04/29
高雄市,小東翰兒童課後照顧服務中心,(07)349-0305,高雄市左營區自由四路166號1、2、3、 4樓,103/04/09
高雄市,成大自由兒童課後照顧服務中心,(07)556-5869,高雄市左營區自由二路57號1、2、3樓、59號1、2、3樓,103/04/29
高雄市,成大福山兒童課後照顧服務中心,(07)341-1637 ,高雄市左營區文恩路16號1、2、3、4樓,103/04/21
高雄市,恆欣兒童課後照顧服務中心,(07)581-0766,高雄市左營區先勝路56號1、2、4樓,103/04/25
高雄市,智橋兒童課後照顧服務中心,(07)349-6789,高雄市左營區文學路177號1、2、3樓,103/04/24
高雄市,冠捷兒童課後照顧服務中心,(07)359-0331,高雄市左營區文川路28號1、2、3樓,102/10/14
高雄市,戴萌兒童課後照顧服務中心,(07)350-0758,高雄市左營區文川路50號1、2樓,103/04/25
高雄市,歐美兒童課後照顧服務中心,(07)553-7981,高雄市左營區華夏路221號2、3樓,103/04/21
高雄市,善牟兒童課後照顧服務中心,(07)588-4363,高雄市左營區店仔頂路13-1號1、2、3樓,102/08/06
高雄市,新瑞兒童課後照顧服務中心,(07)345-2626,高雄市左營區政德路597號2樓,103/04/21
高雄市,智學兒童課後照顧服務中心,(07)557-0808,高雄市左營區富國路470號2、3樓,103/02/21
高雄市,啟瀚兒童課後照顧服務中心,(07)345-7172,高雄市左營區文瑞路39、41號1、2樓,101/11/08
高雄市,孟儒兒童課後照顧服務中心,(07)341-1260,高雄市左營區重立路264號1、2、3、4樓,102/05/24
高雄市,耶加兒童課後照顧服務中心,(07)348-7889,高雄市左營區文府路488號1、2、3樓,103/03/31
高雄市,樂獅兒童課後照顧服務中心,(07)345-3220,高雄市左營區文府路472號1、2、3、4樓,103/05/01
高雄市,明師兒童課後照顧服務中心,(07)350-5204,高雄市左營區重信路190號1、2、3、4樓,105/08/02
高雄市,成大新民兒童課後照顧服務中心,(07)348-0333,高雄市左營區自由三路481號1、2、3、4樓,107/03/09
高雄市,優群兒童課後照顧服務中心,(07)588-3888,高雄市左營區新庄仔路814號1、2、3樓,110/07/29
高雄市,永仁兒童課後照顧服務中心,(07)375-6080,高雄市仁武區永新六街1號1、2、3樓、3號1、2樓,102/11/28
高雄市,金采兒童課後照顧服務中心,(07)375-6307,高雄市仁武區永新六街11號1、2、3、4樓,103/01/06
高雄市,愛尼克獅兒童課後照顧服務中心,(07)375-2836,高雄市仁武區澄信街120巷22號1、2樓,109/08/07
高雄市,托福兒童課後照顧服務中心,(07)351-6688,高雄市大社區金龍路46巷19-14號1、2、3、4樓,103/01/22
高雄市,高超兒童課後照顧服務中心,(07)353-1529, 高雄市大社區大社路30之37號1、2、3、4樓,102/11/21
高雄市,育達兒童課後照顧服務中心,(07)352-2295,高雄市大社區大新路22號1、2、3、4樓,103/02/04
高雄市,溫馨園兒童課後照顧服務中心,(07)623-1770,高雄市岡山區大仁南路86號1、2、3、4樓,103/01/22
高雄市,咕咕村兒童課後照顧服務中心,(07)621-7343,高雄市岡山區碧紅街138號1、2樓,102/12/26
高雄市,柏喬兒童課後照顧服務中心,(07)621-7855,高雄市岡山區公園東路13-1號1、2、3樓,103/01/17
高雄市,高靖兒童課後照顧服務中心,(07)622-9486,高雄市岡山區大仁北路258號1、2、3、4樓,102/12/11
高雄市,華崗兒童課後照顧服務中心,(07)628-4792,高雄市岡山區拕子中街25號1、2、3、4樓,103/02/24
高雄市,史丹佛兒童課後照顧服務中心,(07)622-4789,高雄市岡山區竹圍北街72巷43號1、2、3樓,102/08/14
高雄市,親民兒童課後照顧服務中心,(07)623-6090,高雄市岡山區竹圍北街82號1、2樓,103/03/31
高雄市,凱登兒童課後照顧服務中心,(07)625-0026,高雄市岡山區柳橋西路62-11號1、2、3、4樓,104/02/04
高雄市,博克萊兒童課後照顧服務中心,(07)621-9881,高雄市岡山區華園路99號1、2樓,109/08/20
高雄市,時代兒童課後照顧服務中心,(07)625-3977,高雄市岡山區民族路105號1、2、3、4樓,110/01/27
高雄市,東旭兒童課後照顧服務中心,(07)697-8451,高雄市路竹區國昌路86巷10號1樓,103/03/24
高雄市,揚志兒童課後照顧服務中心,(07)697-0091,高雄市路竹區中和街278號1、2、3樓,103/03/26
高雄市,碧玉兒童課後照顧服務中心,(07)607-1315,高雄市路竹區中和街6號1樓,103/04/03
高雄市,睿恩兒童課後照顧服務中心,(07)631-6966,高雄市阿蓮區忠孝路50號1樓,107/01/03
高雄市,加福兒童課後照顧服務中心,(07)631-9906,高雄市阿蓮區成功街180巷30號1、2、3樓,107/11/07
高雄市,橋森兒童課後照顧服務中心,(07)616-2742,高雄市燕巢區中民路347號1、2、3樓,103/05/12
高雄市,宏欣兒童課後照顧服務中心,(07)616-9406,高雄市燕巢區安北路217號1、2、3樓,103/05/12
高雄市,文華兒童課後照顧服務中心,(07)613-1289,高雄市橋頭區德松路2-17號1、2、3、4樓,103/01/17
高雄市,華蔚兒童課後照顧服務中心,(07)611-6676,高雄市橋頭區成功南路192號1、2、3、4樓,103/03/28
高雄市,首輔兒童課後照顧服務中心,(07)613-1877,高雄市橋頭區新興路91號2、3樓,103/01/20
高雄市,諾貝爾兒童課後照顧服務中心,(07)613-1685,高雄市橋頭區美德街142號1、2、3樓,102/12/04
高雄市,加又百兒童課後照顧服務中心,(07)612-0662, 高雄市橋頭區白樹路191號1、2、3樓,102/01/22
高雄市,李嵩企業股份有限公司附設高雄市私立優等生兒童課後照顧服務中心,(07)611-0000,高雄市橋頭區民主街8號1、2、3、4樓,103/05/12
高雄市,喬智兒童課後照顧服務中心,(07)612-5010,高雄市橋頭區仕豐路61號3、4樓,107/05/01
高雄市,鹿鹿Fun學兒童課後照顧服務中心,(07)611-2554,高雄市橋頭區橋頭路43號1、2樓,109/04/27
高雄市,優加利兒童課後照顧服務中心,(07)610-5051,高雄市梓官區平安街39巷8號1、2樓,102/12/19
高雄市,喬壹兒童課後照顧服務中心,(07)617-6616,高雄市梓官區平等路194號1、2樓,103/04/11
高雄市,互動兒童課後照顧服務中心,(07)610-9818,高雄市梓官區赤崁南路142-3號1、2、3樓,104/03/19
高雄市,倍思特兒童課後照顧服務中心,(07)617-6620,高雄市梓官區港五街61號1、2、3樓,107/11/20
高雄市,博升兒童課後照顧服務中心,(07)691-6087,高雄市永安區永華路15號2樓,103/10/28
高雄市,佳聲兒童課後照顧服務中心,(07)792-2868,高雄市鳳山區南華一路82巷17號1、2、3、4樓,103/03/25
高雄市,威爾頓兒童課後照顧服務中心,(07)710-3339,高雄市鳳山區瑞竹路140巷28號3樓,102/10/03
高雄市,立群兒童課後照顧服務中心,(07)765-9171,高雄市鳳山區新富路226號1、2樓,102/06/21
高雄市,亞卓兒童課後照顧服務中心,(07)766-5698,高雄市鳳山區新富路228巷12號1、2樓,103/04/17
高雄市,賀聖兒童課後照顧服務中心,(07)780-9056,高雄市鳳山區文衡路354號3樓,103/04/17
高雄市,好學生兒童課後照顧服務中心,(07)719-6077,高雄市鳳山區瑞興路369巷9號1、2樓,102/10/03
高雄市,百育兒童課後照顧服務中心,(07)766-3800,高雄市鳳山區海洋一路60巷68號1、2樓,103/04/17
高雄市,掄元兒童課後照顧服務中心,(07)812-3708,高雄市鳳山區福德街142號1、2、3、4樓,103/02/18
高雄市,培育兒童課後照顧服務中心,(07)766-8211,高雄市鳳山區南京路187號1、2、3樓.189號1、2、3樓,102/08/30
高雄市,新博學兒童課後照顧服務中心,(07)710-6010,高雄市鳳山區曹公路43號1、2、3樓,103/04/03
高雄市,冠智兒童課後照顧服務中心,(07)792-6922,高雄市鳳山區鳳燕二街117號2、3樓,103/04/17
高雄市,蕎笙兒童課後照顧服務中心,(07)782-9579,高雄市鳳東路548號1、2樓、550號1、2樓,103/01/22
高雄市,親親兒童課後照顧服務中心,(07)766-4001,高雄市鳳山區新康街77號3樓,102/09/06
高雄市,福幼兒童課後照顧服務中心,(07)746-6048,高雄市鳳山區平等路68號1樓,103/04/02
高雄市,心苗兒童課後照顧服務中心,(07)796-1502,高雄市鳳山區鳳甲路58號1、2、3、4樓,102/03/11
高雄市,成大鳳甲兒童課後照顧服務中心,(07)765-0511,高雄市鳳山區新康街382號2、3樓,102/07/18
高雄市,成大新富兒童課後照顧服務中心,(07)766-8655,高雄市鳳山區新強路220巷19號2樓、21號1、2樓,102/07/19
高雄市,忠信兒童課後照顧服務中心,(07)703-8382,高雄市鳳山區埤頂街1號1-4樓,102/07/31
高雄市,恩典兒童課後照顧服務中心,(07)781-2201,高雄市鳳山區鳳東路399號1、2、3、4樓 、鳳東路397號1樓,102/08/05
高雄市,新米倫兒童課後照顧服務中心,(07)761-2255(蔡老師),高雄市鳳山區保泰路300號3樓,102/09/24
高雄市,美爾頓兒童課後照顧服務中心,(07)724-0465、751-2441,高雄市鳳山區林森路267號1、2、3樓,102/10/17
高雄市,俹俹兒童課後照顧服務中心,(07)763-2285,高雄市鳳山區南京路226巷1號1、2樓,102/11/01
高雄市,威斯頓兒童課後照顧服務中心,(07)740-8666,高雄市鳳山區瑞興路150號1、2、3、4樓,102/11/07
高雄市,成大青年兒童課後照顧服務中心,(07)790-1617,高雄市鳳山區光復路一段162巷68號1、2樓、70號1、2樓,103/04/17
高雄市,博聖兒童課後照顧服務中心,(07)765-8386,高雄市鳳山區新強路263號1、2、3樓、265號1、2、3樓,103/04/15
高雄市,優質童心園兒童課後照顧服務中心,(07)822-0267,高雄市鳳山區南正一路50號1、2、3樓,103/10/06
高雄市,威爾森文教事業股份有限公司附設高雄市私立新仁慈兒童課後照顧服務中心,(07)703-9084,高雄市鳳山區中山東路332-1號,104/06/18
高雄市,奧林匹克兒童課後照顧服務中心,(07)702-5788,高雄市鳳山區工協街11號1、2樓,105/09/07
高雄市,螢火蟲兒童課後照顧服務中心,(07)792-5518,高雄市鳳山區過勇路266號1、2、3、4樓,105/10/12
高雄市,米倫兒童課後照顧服務中心,(07)761-2255,高雄市鳳山區善志街82號1、2、3樓,106/01/12
高雄市,高鳳兒童課後照顧服務中心,(07)796-9881,高雄市鳳山區高鳳一路8號1、2、3樓,106/03/07
高雄市,大樹兒童課後照顧服務中心,(07)740-8964,高雄市鳳山區文化路45-3號1、2樓,108/09/05
高雄市,成大文德兒童課後照顧服務中心,(07)780-3833,高雄市鳳山區文衡路348號1、2、3樓,108/11/28
高雄市,文山兒童課後照顧服務中心,(07)733-3116,高雄市鳳山區文龍東路328號1、2、3、4樓,108/12/05
高雄市,小哈波兒童課後照顧服務中心,(07)703-1527,高雄市大寮區崇仁街185號1、2樓,102/09/02
高雄市,李嵩企業股份有限公司附設高雄市私立天下兒童課後照顧服務中心,(07)781-2688,高雄市大寮區鳳林三路505號1、2、3樓、505-1號1、2樓、505-2號1、2、3、4樓,103/01/17
高雄市,明昇兒童課後照顧服務中心,(07)701-9818,高雄市大寮區民安街205號1、2、3、4樓,103/01/10
高雄市,正強兒童課後照顧服務中心,(07)783-3761,高雄市大寮區山頂路205、207號1、2樓,103/01/15
高雄市,新培育兒童課後照顧服務中心,(07)786-6108,高雄市大寮區力行路150巷16號B棟1、2、3樓,102/11/27
高雄市,恆昇兒童課後照顧服務中心,(07)701-9833,高雄市大寮區民義街45號3、4樓,103/01/10
高雄市,天下山頂兒童課後照顧服務中心,(07)781-2699,高雄市大寮區山頂路176號1、2、3、4樓、新強街2號1樓,102/12/24
高雄市,龍婕兒童課後照顧服務中心,(07)646-4823,高雄市大寮區鳳林路四段551號1、2、3、4樓,102/08/23
高雄市,優等生捷登兒童課後照顧服務中心,(07)781-3234,高雄市大寮區萬丹路521號1、2、3、4樓,102/07/16
高雄市,宸碩兒童課後照顧服務中心,(07)703-5177,高雄市大寮區四維路307之1號1、2、3、4樓,102/07/22
高雄市,新育兒童課後照顧服務中心,(07)786-6106,高雄市大寮區力行路142號1樓,108/11/18
高雄市,亮晶晶兒童課後照顧服務中心,(07)643-1301,高雄市林園區仁愛路341號1、2、3樓,103/04/17
高雄市,華莘兒童課後照顧服務中心,(07)643-8505,高雄市林園區清水岩路81號1、2樓,103/03/27
高雄市,橘子園兒童課後照顧服務中心,(07)645-2005,高雄市林園區仁愛路216巷36號1樓,103/02/18
高雄市,第一兒童課後照顧服務中心,(07)642-5215,高雄市林園區林園北路365巷1弄2號1、2、3、4樓,103/01/24
高雄市,林幼兒童課後照顧服務中心,(07)641-3577,高雄市林園區林內路70巷88-1號2樓及夾層,103/04/17
高雄市,仁惠兒童課後照顧服務中心,(07)643-9260,高雄市林園區仁愛路216巷15弄14號,103/04/02
高雄市,童馨兒童課後照顧服務中心,(07)643-1528,高雄市林園區林內路214巷28號1、2、3樓,103/06/12
高雄市,成就非凡澄湖兒童課後照顧服務中心,(07)731-9686,高雄市鳥松區大智路118號3樓,103/04/03
高雄市,蒲英兒童課後照顧服務中心,(07)733-4156,高雄市鳥松區華美路154號1、2、3樓、156號1樓,103/02/13
高雄市,吉米貝兒兒童課後照顧服務中心,(07)732-2810,高雄市鳥松區中山路93巷11號1樓,103/10/20
高雄市,幸福兒童課後照顧服務中心,(07)733-1034,高雄市鳥松區仁美路5號1樓,105/02/01
高雄市,千馨九曲兒童課後照顧服務中心,(07)652-3802,高雄市大樹區中興街155號1、2、3樓,103/03/26
高雄市,聖光兒童課後照顧服務中心,(07)652-4013,高雄市大樹區久堂村新社街48巷16號1、2、3樓,102/12/06
高雄市,茂展兒童課後照顧服務中心,(07)651-1689,高雄市大樹區新鎮路18號1、2、3樓,105/01/06
高雄市,小博士兒童課後照顧服務中心,(07)652-3977,高雄市大樹區新社街16號3、4樓,107/10/03
高雄市,圓緣兒童課後照顧服務中心,(07)669-3803,高雄市旗山區旗甲路三段181號之一1、2、3樓,103/03/24
高雄市,康翎兒童課後照顧服務中心,(07)662-6345,高雄市旗山區中正路485號1、2、3樓,102/12/04
高雄市,緣親親兒童課後照顧服務中心,(07)662-9618,高雄市旗山區民享街29、31、33號1、2樓,102/11/07
高雄市,愛姸傑兒童課後照顧服務中心,(07)661-5359,高雄市旗山區延平一路207號1、2、3、4樓,108/05/09
高雄市,藙綸兒童課後照顧服務中心,(07)683-1177,高雄市美濃區中正路二段809號1、2、3樓,102/12/25
高雄市,睿智兒童課後照顧服務中心,(07)681-6771,高雄市美濃區中正路一段192號1、2、3樓,102/07/04
高雄市,文強兒童課後照顧服務中心,(07)681-8897,高雄市美濃區美興街65巷1號1、2、3樓,103/07/11
高雄市,冠欣兒童課後照顧服務中心,(07)681-0528,高雄市美濃區忠孝路一段22-28號1、2、3樓,104/08/19
高雄市,雨辰兒童課後照顧服務中心,(07)690-2888,高雄市茄萣區金鑾路163號1、2、3樓,107/11/27
金門縣,肯利熊課後照顧中心,(082)335570,金門縣金湖鎮塔后47-12,103/01/16
金門縣,金門縣私立童學來了小學堂兒童課後照顧服務中心,(082)321865,金門縣金寧鄉下堡149-7號1、2、3樓,110/02/25
金門縣,金門縣私立長頸鹿課後照顧中心,(08)322199,金門縣金城鎮珠浦西路6巷3弄6號1、2樓,104/12/01
金門縣,金門縣私立成功課後照顧中心,(08)326065,金門縣金城鎮民族路266巷18號2、3樓,106/07/18
屏東縣,私立國翔兒童課後照顧服務中心,(08)723-8292,屏東縣瑞光里民勇路16號,102/10/03
屏東縣,屏榮學校財團法人屏東縣屏榮高級中學附設私立屏榮兒童課後照顧服務中心,(08)723-5789,屏東縣豐源里水源街100號,102/10/03
屏東縣,屏東縣私立奧利薇亞兒童課後照顧服務中心,(08)732-6942,屏東市崇蘭里廣東路1428、1430號1、2、3樓,105/08/29
屏東縣,屏東縣私立佳園兒童課後照顧服務中心,(08)-,屏東縣屏東市崇蘭里廣東路1440號1-3樓,111/05/31
屏東縣,屏東縣私立銨芯兒童課後照顧服務中心,(08)707-6706,屏東縣萬丹鄉社中村社皮路3段276號1、2、3樓,107/08/02
屏東縣,私立世大兒童課後照顧服務中心,(08)833-6441,屏東縣東港鎮興東里新興三街62號1樓,108/02/14
屏東縣,私立加資兒童課後照顧服務中心,(08)835-5321,屏東縣新園鄉鹽埔村聖心路138號,102/10/11
臺東縣,臺東縣私立小強生兒童課後照顧服務中心,(089)233189,臺東市新社三街10巷23號,103/01/15
